[{"model": "calendar.publicholiday", "pk": 1, "fields": {"name": "Tag der Arbeit", "day": "2018-05-01"}}, {"model": "calendar.publicholiday", "pk": 2, "fields": {"name": "Auffahrt", "day": "2018-05-10"}}, {"model": "calendar.publicholiday", "pk": 3, "fields": {"name": "Berchtoldstag", "day": "2018-01-02"}}, {"model": "calendar.publicholiday", "pk": 4, "fields": {"name": "Karfreitag", "day": "2018-03-30"}}, {"model": "calendar.publicholiday", "pk": 5, "fields": {"name": "Stephanstag", "day": "2018-12-26"}}, {"model": "calendar.publicholiday", "pk": 6, "fields": {"name": "Nationalfeiertag", "day": "2018-08-01"}}, {"model": "calendar.publicholiday", "pk": 7, "fields": {"name": "Ostermontag", "day": "2018-04-02"}}, {"model": "calendar.publicholiday", "pk": 8, "fields": {"name": "Pfingstmontag", "day": "2018-05-21"}}, {"model": "calendar.publicholiday", "pk": 9, "fields": {"name": "Neujahr", "day": "2018-01-01"}}, {"model": "calendar.publicholiday", "pk": 10, "fields": {"name": "Ostersonntag", "day": "2018-04-01"}}, {"model": "calendar.publicholiday", "pk": 11, "fields": {"name": "Weihnachtstag", "day": "2018-12-25"}}, {"model": "calendar.publicholiday", "pk": 12, "fields": {"name": "Pfingstsonntag", "day": "2018-05-20"}}, {"model": "calendar.publicholiday", "pk": 13, "fields": {"name": "Pfingstsonntag", "day": "2019-06-09"}}, {"model": "calendar.publicholiday", "pk": 14, "fields": {"name": "Stephanstag", "day": "2019-12-26"}}, {"model": "calendar.publicholiday", "pk": 15, "fields": {"name": "Ostersonntag", "day": "2019-04-21"}}, {"model": "calendar.publicholiday", "pk": 16, "fields": {"name": "Karfreitag", "day": "2019-04-19"}}, {"model": "calendar.publicholiday", "pk": 17, "fields": {"name": "Weihnachtstag", "day": "2019-12-25"}}, {"model": "calendar.publicholiday", "pk": 18, "fields": {"name": "Ostermontag", "day": "2019-04-22"}}, {"model": "calendar.publicholiday", "pk": 19, "fields": {"name": "Neujahr", "day": "2019-01-01"}}, {"model": "calendar.publicholiday", "pk": 20, "fields": {"name": "Tag der Arbeit", "day": "2019-05-01"}}, {"model": "calendar.publicholiday", "pk": 21, "fields": {"name": "Auffahrt", "day": "2019-05-30"}}, {"model": "calendar.publicholiday", "pk": 22, "fields": {"name": "Pfingstmontag", "day": "2019-06-10"}}, {"model": "calendar.publicholiday", "pk": 23, "fields": {"name": "Nationalfeiertag", "day": "2019-08-01"}}, {"model": "calendar.publicholiday", "pk": 24, "fields": {"name": "Berchtoldstag", "day": "2019-01-02"}}, {"model": "calendar.companyholiday", "pk": 1, "fields": {"date_from": "2018-12-24", "date_until": "2019-01-06"}}, {"model": "calendar.companyholiday", "pk": 2, "fields": {"date_from": "2019-12-23", "date_until": "2020-01-05"}}, {"model": "calendar.companyholiday", "pk": 3, "fields": {"date_from": "2020-12-21", "date_until": "2021-01-03"}}, {"model": "calendar.companyholiday", "pk": 4, "fields": {"date_from": "2021-12-27", "date_until": "2022-01-09"}}, {"model": "accounts.user", "pk": 1, "fields": {"password": "", "last_login": "2018-12-04T09:16:10.817Z", "email": "mk@feinheit.ch", "is_active": true, "is_admin": true, "_short_name": "Matthias", "_full_name": ""}}, {"model": "accounts.user", "pk": 2, "fields": {"password": "", "last_login": null, "email": "info@galerie-rosenberg.ch", "is_active": true, "is_admin": false, "_short_name": "Brigitta", "_full_name": ""}}, {"model": "accounts.user", "pk": 3, "fields": {"password": "", "last_login": "2018-12-03T15:12:47.231Z", "email": "sm@feinheit.ch", "is_active": true, "is_admin": false, "_short_name": "Sabrina", "_full_name": ""}}, {"model": "accounts.user", "pk": 5, "fields": {"password": "", "last_login": "2018-12-03T17:31:19.040Z", "email": "ps@feinheit.ch", "is_active": true, "is_admin": false, "_short_name": "Smidoc", "_full_name": "Patrik Schmid"}}, {"model": "accounts.user", "pk": 6, "fields": {"password": "", "last_login": "2018-11-21T12:37:14.920Z", "email": "hs@feinheit.ch", "is_active": true, "is_admin": false, "_short_name": "HS", "_full_name": "Hannes Schwarz"}}, {"model": "accounts.user", "pk": 7, "fields": {"password": "", "last_login": "2018-11-21T16:32:57.067Z", "email": "vs@feinheit.ch", "is_active": false, "is_admin": false, "_short_name": "vs", "_full_name": "Vanessa Schefer"}}, {"model": "accounts.user", "pk": 8, "fields": {"password": "", "last_login": "2018-11-26T11:06:22.815Z", "email": "dbo@feinheit.ch", "is_active": true, "is_admin": false, "_short_name": "Diego", "_full_name": "Diego Borellini"}}, {"model": "accounts.user", "pk": 9, "fields": {"password": "", "last_login": "2018-11-26T14:43:41.825Z", "email": "fg@feinheit.ch", "is_active": true, "is_admin": false, "_short_name": "Fabian", "_full_name": "Fabian Germann"}}, {"model": "accounts.user", "pk": 10, "fields": {"password": "", "last_login": "2018-11-28T10:47:58.907Z", "email": "dab@feinheit.ch", "is_active": true, "is_admin": false, "_short_name": "Dan", "_full_name": "Dan B\u00fcschlen"}}, {"model": "accounts.user", "pk": 11, "fields": {"password": "", "last_login": "2018-11-26T09:00:39.369Z", "email": "frederic@blindflugstudios.com", "is_active": true, "is_admin": false, "_short_name": "Frederic", "_full_name": "Frederic Hein"}}, {"model": "accounts.user", "pk": 12, "fields": {"password": "", "last_login": "2018-11-22T12:12:25.874Z", "email": "jeremy@blindflugstudios.com", "is_active": true, "is_admin": false, "_short_name": "Jeremy", "_full_name": "Jeremy Spillmann"}}, {"model": "accounts.user", "pk": 13, "fields": {"password": "", "last_login": "2018-11-26T16:18:13.467Z", "email": "sfa@feinheit.ch", "is_active": true, "is_admin": false, "_short_name": "SFA", "_full_name": "Sophie Fauser"}}, {"model": "accounts.user", "pk": 14, "fields": {"password": "", "last_login": "2018-11-26T08:22:56.256Z", "email": "michael@blindflugstudios.com", "is_active": true, "is_admin": false, "_short_name": "Michi", "_full_name": "Michael M\u00fcller"}}, {"model": "accounts.user", "pk": 15, "fields": {"password": "", "last_login": "2018-12-03T12:34:30.677Z", "email": "ms@feinheit.ch", "is_active": true, "is_admin": false, "_short_name": "Martin", "_full_name": "Martin Schweizer"}}, {"model": "accounts.user", "pk": 16, "fields": {"password": "", "last_login": "2018-12-03T07:55:38.124Z", "email": "jr@feinheit.ch", "is_active": true, "is_admin": false, "_short_name": "Jo\u00eblle", "_full_name": "Jo\u00eblle Ross\u00e9"}}, {"model": "accounts.user", "pk": 17, "fields": {"password": "", "last_login": "2018-12-03T15:16:18.992Z", "email": "cs@feinheit.ch", "is_active": true, "is_admin": false, "_short_name": "CS", "_full_name": "Carmen Schoder"}}, {"model": "accounts.user", "pk": 18, "fields": {"password": "", "last_login": "2018-11-30T07:44:45.014Z", "email": "mof@feinheit.ch", "is_active": true, "is_admin": false, "_short_name": "MOF", "_full_name": "Moritz Friess"}}, {"model": "accounts.user", "pk": 19, "fields": {"password": "", "last_login": "2018-11-27T09:38:26.009Z", "email": "pla@feinheit.ch", "is_active": true, "is_admin": false, "_short_name": "Priska", "_full_name": "Priska"}}, {"model": "accounts.user", "pk": 20, "fields": {"password": "", "last_login": null, "email": "sh@feinheit.ch", "is_active": true, "is_admin": false, "_short_name": "Simon H.", "_full_name": "Simon Hugi"}}, {"model": "accounts.user", "pk": 21, "fields": {"password": "", "last_login": "2018-11-26T10:31:37.256Z", "email": "sk@feinheit.ch", "is_active": true, "is_admin": false, "_short_name": "Steff", "_full_name": ""}}, {"model": "accounts.user", "pk": 22, "fields": {"password": "", "last_login": null, "email": "ph@feinheit.ch", "is_active": true, "is_admin": false, "_short_name": "Peter", "_full_name": "Peter Haberstich"}}, {"model": "accounts.user", "pk": 23, "fields": {"password": "", "last_login": "2018-11-27T11:30:45.168Z", "email": "simon.jacoby@tsri.ch", "is_active": true, "is_admin": false, "_short_name": "Simon J.", "_full_name": "Simon Jacoby"}}, {"model": "accounts.user", "pk": 24, "fields": {"password": "", "last_login": "2018-11-22T12:13:03.552Z", "email": "seraina.manser@tsri.ch", "is_active": true, "is_admin": false, "_short_name": "", "_full_name": "Seraina"}}, {"model": "accounts.user", "pk": 25, "fields": {"password": "", "last_login": "2018-11-22T12:18:10.802Z", "email": "anastassios@blindflugstudios.com", "is_active": true, "is_admin": false, "_short_name": "Anastassios", "_full_name": "Anastassios Martakos"}}, {"model": "accounts.user", "pk": 26, "fields": {"password": "", "last_login": "2018-11-29T11:08:24.900Z", "email": "ub@feinheit.ch", "is_active": true, "is_admin": false, "_short_name": "Urs", "_full_name": "Urs Breton"}}, {"model": "accounts.user", "pk": 27, "fields": {"password": "", "last_login": "2018-11-22T12:33:08.933Z", "email": "roland.wagner@tsri.ch", "is_active": true, "is_admin": false, "_short_name": "Roland Wagner", "_full_name": "Roland Wagner"}}, {"model": "accounts.user", "pk": 28, "fields": {"password": "", "last_login": "2018-11-27T10:58:37.515Z", "email": "moritz@diebruchpiloten.com", "is_active": true, "is_admin": false, "_short_name": "Moritz", "_full_name": "Moritz Zumb\u00fchl"}}, {"model": "accounts.user", "pk": 29, "fields": {"password": "", "last_login": "2018-11-22T15:52:18.088Z", "email": "jp@feinheit.ch", "is_active": true, "is_admin": false, "_short_name": "Jon", "_full_name": "Jon Pult"}}, {"model": "accounts.user", "pk": 30, "fields": {"password": "", "last_login": "2018-11-29T15:57:28.348Z", "email": "rk@cudera.ch", "is_active": true, "is_admin": false, "_short_name": "Reto", "_full_name": "Reto Kaiser"}}, {"model": "accounts.user", "pk": 31, "fields": {"password": "", "last_login": "2018-11-28T08:25:26.113Z", "email": "elio.donauer@tsri.ch", "is_active": true, "is_admin": false, "_short_name": "Elio", "_full_name": "Elio Donauer"}}, {"model": "accounts.user", "pk": 32, "fields": {"password": "", "last_login": "2018-11-26T07:06:43.998Z", "email": "psp@feinheit.ch", "is_active": true, "is_admin": false, "_short_name": "psp", "_full_name": "paula"}}, {"model": "calendar.dayofweekdefault", "pk": 1, "fields": {"app": 1, "user": 3, "day_of_week": 0}}, {"model": "calendar.dayofweekdefault", "pk": 2, "fields": {"app": 1, "user": 3, "day_of_week": 2}}, {"model": "calendar.dayofweekdefault", "pk": 3, "fields": {"app": 1, "user": 3, "day_of_week": 4}}, {"model": "calendar.dayofweekdefault", "pk": 4, "fields": {"app": 2, "user": 2, "day_of_week": 0}}, {"model": "calendar.dayofweekdefault", "pk": 5, "fields": {"app": 2, "user": 2, "day_of_week": 1}}, {"model": "calendar.dayofweekdefault", "pk": 6, "fields": {"app": 2, "user": 2, "day_of_week": 2}}, {"model": "calendar.presence", "pk": 1, "fields": {"app": 1, "user": 6, "year": 2018, "percentage": 90}}, {"model": "calendar.presence", "pk": 2, "fields": {"app": 1, "user": 5, "year": 2018, "percentage": 90}}, {"model": "calendar.presence", "pk": 3, "fields": {"app": 2, "user": 1, "year": 2018, "percentage": 60}}, {"model": "calendar.presence", "pk": 4, "fields": {"app": 2, "user": 3, "year": 2018, "percentage": 60}}, {"model": "calendar.presence", "pk": 5, "fields": {"app": 2, "user": 6, "year": 2018, "percentage": 80}}, {"model": "calendar.presence", "pk": 6, "fields": {"app": 2, "user": 5, "year": 2018, "percentage": 90}}, {"model": "calendar.presence", "pk": 7, "fields": {"app": 2, "user": 10, "year": 2018, "percentage": 100}}, {"model": "calendar.presence", "pk": 8, "fields": {"app": 2, "user": 8, "year": 2018, "percentage": 100}}, {"model": "calendar.presence", "pk": 9, "fields": {"app": 2, "user": 9, "year": 2018, "percentage": 70}}, {"model": "calendar.presence", "pk": 10, "fields": {"app": 2, "user": 11, "year": 2018, "percentage": 80}}, {"model": "calendar.presence", "pk": 11, "fields": {"app": 2, "user": 12, "year": 2018, "percentage": 100}}, {"model": "calendar.presence", "pk": 12, "fields": {"app": 2, "user": 13, "year": 2018, "percentage": 80}}, {"model": "calendar.presence", "pk": 13, "fields": {"app": 2, "user": 17, "year": 2018, "percentage": 80}}, {"model": "calendar.presence", "pk": 14, "fields": {"app": 2, "user": 16, "year": 2018, "percentage": 80}}, {"model": "calendar.presence", "pk": 15, "fields": {"app": 2, "user": 15, "year": 2018, "percentage": 100}}, {"model": "calendar.presence", "pk": 16, "fields": {"app": 2, "user": 14, "year": 2018, "percentage": 80}}, {"model": "calendar.presence", "pk": 17, "fields": {"app": 2, "user": 18, "year": 2018, "percentage": 80}}, {"model": "calendar.presence", "pk": 18, "fields": {"app": 1, "user": 17, "year": 2018, "percentage": 80}}, {"model": "calendar.presence", "pk": 19, "fields": {"app": 1, "user": 16, "year": 2018, "percentage": 90}}, {"model": "calendar.presence", "pk": 20, "fields": {"app": 1, "user": 15, "year": 2018, "percentage": 100}}, {"model": "calendar.presence", "pk": 21, "fields": {"app": 1, "user": 18, "year": 2018, "percentage": 80}}, {"model": "calendar.presence", "pk": 22, "fields": {"app": 1, "user": 13, "year": 2018, "percentage": 90}}, {"model": "calendar.presence", "pk": 23, "fields": {"app": 3, "user": 17, "year": 2018, "percentage": 80}}, {"model": "calendar.presence", "pk": 24, "fields": {"app": 3, "user": 6, "year": 2018, "percentage": 90}}, {"model": "calendar.presence", "pk": 25, "fields": {"app": 3, "user": 16, "year": 2018, "percentage": 90}}, {"model": "calendar.presence", "pk": 26, "fields": {"app": 3, "user": 15, "year": 2018, "percentage": 100}}, {"model": "calendar.presence", "pk": 27, "fields": {"app": 3, "user": 18, "year": 2018, "percentage": 80}}, {"model": "calendar.presence", "pk": 28, "fields": {"app": 3, "user": 5, "year": 2018, "percentage": 90}}, {"model": "calendar.presence", "pk": 29, "fields": {"app": 3, "user": 13, "year": 2018, "percentage": 90}}, {"model": "calendar.presence", "pk": 30, "fields": {"app": 2, "user": 19, "year": 2018, "percentage": 60}}, {"model": "calendar.presence", "pk": 31, "fields": {"app": 1, "user": 19, "year": 2018, "percentage": 60}}, {"model": "calendar.presence", "pk": 32, "fields": {"app": 3, "user": 19, "year": 2018, "percentage": 60}}, {"model": "calendar.presence", "pk": 33, "fields": {"app": 2, "user": 21, "year": 2018, "percentage": 60}}, {"model": "calendar.presence", "pk": 34, "fields": {"app": 2, "user": 25, "year": 2018, "percentage": 60}}, {"model": "calendar.presence", "pk": 35, "fields": {"app": 2, "user": 22, "year": 2018, "percentage": 80}}, {"model": "calendar.presence", "pk": 36, "fields": {"app": 2, "user": 24, "year": 2018, "percentage": 60}}, {"model": "calendar.presence", "pk": 37, "fields": {"app": 2, "user": 20, "year": 2018, "percentage": 80}}, {"model": "calendar.presence", "pk": 38, "fields": {"app": 2, "user": 23, "year": 2018, "percentage": 80}}, {"model": "calendar.presence", "pk": 39, "fields": {"app": 2, "user": 27, "year": 2018, "percentage": 60}}, {"model": "calendar.presence", "pk": 40, "fields": {"app": 2, "user": 26, "year": 2018, "percentage": 60}}, {"model": "calendar.presence", "pk": 41, "fields": {"app": 2, "user": 28, "year": 2018, "percentage": 80}}, {"model": "calendar.presence", "pk": 42, "fields": {"app": 1, "user": 21, "year": 2018, "percentage": 60}}, {"model": "calendar.presence", "pk": 43, "fields": {"app": 1, "user": 22, "year": 2018, "percentage": 80}}, {"model": "calendar.presence", "pk": 44, "fields": {"app": 1, "user": 20, "year": 2018, "percentage": 90}}, {"model": "calendar.presence", "pk": 45, "fields": {"app": 1, "user": 26, "year": 2018, "percentage": 60}}, {"model": "calendar.presence", "pk": 46, "fields": {"app": 3, "user": 21, "year": 2018, "percentage": 60}}, {"model": "calendar.presence", "pk": 47, "fields": {"app": 3, "user": 22, "year": 2018, "percentage": 80}}, {"model": "calendar.presence", "pk": 48, "fields": {"app": 3, "user": 20, "year": 2018, "percentage": 90}}, {"model": "calendar.presence", "pk": 49, "fields": {"app": 3, "user": 26, "year": 2018, "percentage": 60}}, {"model": "calendar.presence", "pk": 50, "fields": {"app": 3, "user": 3, "year": 2018, "percentage": 50}}, {"model": "calendar.presence", "pk": 51, "fields": {"app": 2, "user": 29, "year": 2018, "percentage": 80}}, {"model": "calendar.presence", "pk": 52, "fields": {"app": 1, "user": 29, "year": 2018, "percentage": 80}}, {"model": "calendar.presence", "pk": 53, "fields": {"app": 3, "user": 29, "year": 2018, "percentage": 80}}, {"model": "calendar.presence", "pk": 54, "fields": {"app": 2, "user": 31, "year": 2018, "percentage": 60}}, {"model": "calendar.presence", "pk": 55, "fields": {"app": 2, "user": 30, "year": 2018, "percentage": 60}}, {"model": "calendar.presence", "pk": 56, "fields": {"app": 2, "user": 32, "year": 2018, "percentage": 60}}, {"model": "calendar.day", "pk": 219, "fields": {"app": 1, "day": "2018-11-01", "handled_by": null}}, {"model": "calendar.day", "pk": 220, "fields": {"app": 1, "day": "2018-11-02", "handled_by": 3}}, {"model": "calendar.day", "pk": 221, "fields": {"app": 1, "day": "2018-11-05", "handled_by": 3}}, {"model": "calendar.day", "pk": 222, "fields": {"app": 1, "day": "2018-11-06", "handled_by": null}}, {"model": "calendar.day", "pk": 223, "fields": {"app": 1, "day": "2018-11-07", "handled_by": 3}}, {"model": "calendar.day", "pk": 224, "fields": {"app": 1, "day": "2018-11-08", "handled_by": null}}, {"model": "calendar.day", "pk": 225, "fields": {"app": 1, "day": "2018-11-09", "handled_by": 3}}, {"model": "calendar.day", "pk": 226, "fields": {"app": 1, "day": "2018-11-12", "handled_by": 3}}, {"model": "calendar.day", "pk": 227, "fields": {"app": 1, "day": "2018-11-13", "handled_by": null}}, {"model": "calendar.day", "pk": 228, "fields": {"app": 1, "day": "2018-11-14", "handled_by": 3}}, {"model": "calendar.day", "pk": 229, "fields": {"app": 1, "day": "2018-11-15", "handled_by": null}}, {"model": "calendar.day", "pk": 230, "fields": {"app": 1, "day": "2018-11-16", "handled_by": 3}}, {"model": "calendar.day", "pk": 231, "fields": {"app": 1, "day": "2018-11-19", "handled_by": 3}}, {"model": "calendar.day", "pk": 232, "fields": {"app": 1, "day": "2018-11-20", "handled_by": null}}, {"model": "calendar.day", "pk": 233, "fields": {"app": 1, "day": "2018-11-21", "handled_by": 3}}, {"model": "calendar.day", "pk": 234, "fields": {"app": 1, "day": "2018-11-22", "handled_by": 16}}, {"model": "calendar.day", "pk": 235, "fields": {"app": 1, "day": "2018-11-23", "handled_by": 3}}, {"model": "calendar.day", "pk": 236, "fields": {"app": 1, "day": "2018-11-26", "handled_by": 3}}, {"model": "calendar.day", "pk": 237, "fields": {"app": 1, "day": "2018-11-27", "handled_by": 15}}, {"model": "calendar.day", "pk": 238, "fields": {"app": 1, "day": "2018-11-28", "handled_by": 3}}, {"model": "calendar.day", "pk": 239, "fields": {"app": 1, "day": "2018-11-29", "handled_by": 18}}, {"model": "calendar.day", "pk": 240, "fields": {"app": 1, "day": "2018-11-30", "handled_by": 3}}, {"model": "calendar.day", "pk": 241, "fields": {"app": 1, "day": "2018-12-03", "handled_by": 3}}, {"model": "calendar.day", "pk": 242, "fields": {"app": 1, "day": "2018-12-04", "handled_by": 5}}, {"model": "calendar.day", "pk": 243, "fields": {"app": 1, "day": "2018-12-05", "handled_by": 3}}, {"model": "calendar.day", "pk": 244, "fields": {"app": 1, "day": "2018-12-06", "handled_by": 13}}, {"model": "calendar.day", "pk": 245, "fields": {"app": 1, "day": "2018-12-07", "handled_by": 3}}, {"model": "calendar.day", "pk": 246, "fields": {"app": 1, "day": "2018-12-10", "handled_by": 3}}, {"model": "calendar.day", "pk": 247, "fields": {"app": 1, "day": "2018-12-11", "handled_by": 20}}, {"model": "calendar.day", "pk": 248, "fields": {"app": 1, "day": "2018-12-12", "handled_by": 3}}, {"model": "calendar.day", "pk": 249, "fields": {"app": 1, "day": "2018-12-13", "handled_by": 17}}, {"model": "calendar.day", "pk": 250, "fields": {"app": 1, "day": "2018-12-14", "handled_by": 3}}, {"model": "calendar.day", "pk": 251, "fields": {"app": 1, "day": "2018-12-17", "handled_by": 3}}, {"model": "calendar.day", "pk": 252, "fields": {"app": 1, "day": "2018-12-18", "handled_by": 21}}, {"model": "calendar.day", "pk": 253, "fields": {"app": 1, "day": "2018-12-19", "handled_by": 3}}, {"model": "calendar.day", "pk": 254, "fields": {"app": 1, "day": "2018-12-20", "handled_by": 22}}, {"model": "calendar.day", "pk": 255, "fields": {"app": 1, "day": "2018-12-21", "handled_by": 3}}, {"model": "calendar.day", "pk": 480, "fields": {"app": 2, "day": "2018-11-01", "handled_by": 21}}, {"model": "calendar.day", "pk": 481, "fields": {"app": 2, "day": "2018-11-02", "handled_by": 25}}, {"model": "calendar.day", "pk": 482, "fields": {"app": 2, "day": "2018-11-05", "handled_by": 2}}, {"model": "calendar.day", "pk": 483, "fields": {"app": 2, "day": "2018-11-06", "handled_by": 2}}, {"model": "calendar.day", "pk": 484, "fields": {"app": 2, "day": "2018-11-07", "handled_by": 2}}, {"model": "calendar.day", "pk": 485, "fields": {"app": 2, "day": "2018-11-08", "handled_by": 5}}, {"model": "calendar.day", "pk": 486, "fields": {"app": 2, "day": "2018-11-09", "handled_by": 1}}, {"model": "calendar.day", "pk": 487, "fields": {"app": 2, "day": "2018-11-12", "handled_by": 2}}, {"model": "calendar.day", "pk": 488, "fields": {"app": 2, "day": "2018-11-13", "handled_by": 2}}, {"model": "calendar.day", "pk": 489, "fields": {"app": 2, "day": "2018-11-14", "handled_by": 2}}, {"model": "calendar.day", "pk": 490, "fields": {"app": 2, "day": "2018-11-15", "handled_by": 6}}, {"model": "calendar.day", "pk": 491, "fields": {"app": 2, "day": "2018-11-16", "handled_by": 3}}, {"model": "calendar.day", "pk": 492, "fields": {"app": 2, "day": "2018-11-19", "handled_by": 2}}, {"model": "calendar.day", "pk": 493, "fields": {"app": 2, "day": "2018-11-20", "handled_by": 2}}, {"model": "calendar.day", "pk": 494, "fields": {"app": 2, "day": "2018-11-21", "handled_by": 2}}, {"model": "calendar.day", "pk": 495, "fields": {"app": 2, "day": "2018-11-22", "handled_by": 6}}, {"model": "calendar.day", "pk": 496, "fields": {"app": 2, "day": "2018-11-23", "handled_by": 9}}, {"model": "calendar.day", "pk": 497, "fields": {"app": 2, "day": "2018-11-26", "handled_by": 2}}, {"model": "calendar.day", "pk": 498, "fields": {"app": 2, "day": "2018-11-27", "handled_by": 2}}, {"model": "calendar.day", "pk": 499, "fields": {"app": 2, "day": "2018-11-28", "handled_by": 2}}, {"model": "calendar.day", "pk": 500, "fields": {"app": 2, "day": "2018-11-29", "handled_by": 10}}, {"model": "calendar.day", "pk": 501, "fields": {"app": 2, "day": "2018-11-30", "handled_by": 10}}, {"model": "calendar.day", "pk": 502, "fields": {"app": 2, "day": "2018-12-03", "handled_by": 2}}, {"model": "calendar.day", "pk": 503, "fields": {"app": 2, "day": "2018-12-04", "handled_by": 2}}, {"model": "calendar.day", "pk": 504, "fields": {"app": 2, "day": "2018-12-05", "handled_by": 2}}, {"model": "calendar.day", "pk": 505, "fields": {"app": 2, "day": "2018-12-06", "handled_by": 23}}, {"model": "calendar.day", "pk": 506, "fields": {"app": 2, "day": "2018-12-07", "handled_by": 18}}, {"model": "calendar.day", "pk": 507, "fields": {"app": 2, "day": "2018-12-10", "handled_by": 2}}, {"model": "calendar.day", "pk": 508, "fields": {"app": 2, "day": "2018-12-11", "handled_by": 2}}, {"model": "calendar.day", "pk": 509, "fields": {"app": 2, "day": "2018-12-12", "handled_by": 2}}, {"model": "calendar.day", "pk": 510, "fields": {"app": 2, "day": "2018-12-13", "handled_by": 8}}, {"model": "calendar.day", "pk": 511, "fields": {"app": 2, "day": "2018-12-14", "handled_by": 15}}, {"model": "calendar.day", "pk": 512, "fields": {"app": 2, "day": "2018-12-17", "handled_by": 2}}, {"model": "calendar.day", "pk": 513, "fields": {"app": 2, "day": "2018-12-18", "handled_by": 2}}, {"model": "calendar.day", "pk": 514, "fields": {"app": 2, "day": "2018-12-19", "handled_by": 2}}, {"model": "calendar.day", "pk": 515, "fields": {"app": 2, "day": "2018-12-20", "handled_by": 16}}, {"model": "calendar.day", "pk": 516, "fields": {"app": 2, "day": "2018-12-21", "handled_by": 28}}, {"model": "calendar.day", "pk": 527, "fields": {"app": 1, "day": "2019-01-07", "handled_by": 3}}, {"model": "calendar.day", "pk": 528, "fields": {"app": 1, "day": "2019-01-08", "handled_by": 29}}, {"model": "calendar.day", "pk": 529, "fields": {"app": 1, "day": "2019-01-09", "handled_by": 3}}, {"model": "calendar.day", "pk": 530, "fields": {"app": 1, "day": "2019-01-10", "handled_by": null}}, {"model": "calendar.day", "pk": 531, "fields": {"app": 1, "day": "2019-01-11", "handled_by": 3}}, {"model": "calendar.day", "pk": 532, "fields": {"app": 1, "day": "2019-01-14", "handled_by": 3}}, {"model": "calendar.day", "pk": 533, "fields": {"app": 1, "day": "2019-01-15", "handled_by": 26}}, {"model": "calendar.day", "pk": 534, "fields": {"app": 1, "day": "2019-01-16", "handled_by": 3}}, {"model": "calendar.day", "pk": 535, "fields": {"app": 1, "day": "2019-01-17", "handled_by": 26}}, {"model": "calendar.day", "pk": 536, "fields": {"app": 1, "day": "2019-01-18", "handled_by": 3}}, {"model": "calendar.day", "pk": 537, "fields": {"app": 1, "day": "2019-01-21", "handled_by": 3}}, {"model": "calendar.day", "pk": 538, "fields": {"app": 1, "day": "2019-01-22", "handled_by": 15}}, {"model": "calendar.day", "pk": 539, "fields": {"app": 1, "day": "2019-01-23", "handled_by": 3}}, {"model": "calendar.day", "pk": 540, "fields": {"app": 1, "day": "2019-01-24", "handled_by": null}}, {"model": "calendar.day", "pk": 541, "fields": {"app": 1, "day": "2019-01-25", "handled_by": 3}}, {"model": "calendar.day", "pk": 542, "fields": {"app": 1, "day": "2019-01-28", "handled_by": 3}}, {"model": "calendar.day", "pk": 543, "fields": {"app": 1, "day": "2019-01-29", "handled_by": 29}}, {"model": "calendar.day", "pk": 544, "fields": {"app": 1, "day": "2019-01-30", "handled_by": 3}}, {"model": "calendar.day", "pk": 545, "fields": {"app": 1, "day": "2019-01-31", "handled_by": null}}, {"model": "calendar.day", "pk": 546, "fields": {"app": 1, "day": "2019-02-01", "handled_by": 3}}, {"model": "calendar.day", "pk": 547, "fields": {"app": 1, "day": "2019-02-04", "handled_by": 3}}, {"model": "calendar.day", "pk": 548, "fields": {"app": 1, "day": "2019-02-05", "handled_by": 29}}, {"model": "calendar.day", "pk": 549, "fields": {"app": 1, "day": "2019-02-06", "handled_by": 3}}, {"model": "calendar.day", "pk": 550, "fields": {"app": 1, "day": "2019-02-07", "handled_by": null}}, {"model": "calendar.day", "pk": 551, "fields": {"app": 1, "day": "2019-02-08", "handled_by": 3}}, {"model": "calendar.day", "pk": 552, "fields": {"app": 1, "day": "2019-02-11", "handled_by": 3}}, {"model": "calendar.day", "pk": 553, "fields": {"app": 1, "day": "2019-02-12", "handled_by": 17}}, {"model": "calendar.day", "pk": 554, "fields": {"app": 1, "day": "2019-02-13", "handled_by": 3}}, {"model": "calendar.day", "pk": 555, "fields": {"app": 1, "day": "2019-02-14", "handled_by": null}}, {"model": "calendar.day", "pk": 556, "fields": {"app": 1, "day": "2019-02-15", "handled_by": 3}}, {"model": "calendar.day", "pk": 557, "fields": {"app": 1, "day": "2019-02-18", "handled_by": 3}}, {"model": "calendar.day", "pk": 558, "fields": {"app": 1, "day": "2019-02-19", "handled_by": null}}, {"model": "calendar.day", "pk": 559, "fields": {"app": 1, "day": "2019-02-20", "handled_by": 3}}, {"model": "calendar.day", "pk": 560, "fields": {"app": 1, "day": "2019-02-21", "handled_by": null}}, {"model": "calendar.day", "pk": 561, "fields": {"app": 1, "day": "2019-02-22", "handled_by": 3}}, {"model": "calendar.day", "pk": 562, "fields": {"app": 1, "day": "2019-02-25", "handled_by": 3}}, {"model": "calendar.day", "pk": 563, "fields": {"app": 1, "day": "2019-02-26", "handled_by": null}}, {"model": "calendar.day", "pk": 564, "fields": {"app": 1, "day": "2019-02-27", "handled_by": 3}}, {"model": "calendar.day", "pk": 565, "fields": {"app": 1, "day": "2019-02-28", "handled_by": null}}, {"model": "calendar.day", "pk": 566, "fields": {"app": 1, "day": "2019-03-01", "handled_by": 3}}, {"model": "calendar.day", "pk": 567, "fields": {"app": 1, "day": "2019-03-04", "handled_by": 3}}, {"model": "calendar.day", "pk": 568, "fields": {"app": 1, "day": "2019-03-05", "handled_by": null}}, {"model": "calendar.day", "pk": 569, "fields": {"app": 1, "day": "2019-03-06", "handled_by": 3}}, {"model": "calendar.day", "pk": 570, "fields": {"app": 1, "day": "2019-03-07", "handled_by": null}}, {"model": "calendar.day", "pk": 571, "fields": {"app": 1, "day": "2019-03-08", "handled_by": 3}}, {"model": "calendar.day", "pk": 572, "fields": {"app": 1, "day": "2019-03-11", "handled_by": 3}}, {"model": "calendar.day", "pk": 573, "fields": {"app": 1, "day": "2019-03-12", "handled_by": null}}, {"model": "calendar.day", "pk": 574, "fields": {"app": 1, "day": "2019-03-13", "handled_by": 3}}, {"model": "calendar.day", "pk": 575, "fields": {"app": 1, "day": "2019-03-14", "handled_by": null}}, {"model": "calendar.day", "pk": 576, "fields": {"app": 1, "day": "2019-03-15", "handled_by": 3}}, {"model": "calendar.day", "pk": 577, "fields": {"app": 1, "day": "2019-03-18", "handled_by": 3}}, {"model": "calendar.day", "pk": 578, "fields": {"app": 1, "day": "2019-03-19", "handled_by": null}}, {"model": "calendar.day", "pk": 579, "fields": {"app": 1, "day": "2019-03-20", "handled_by": 3}}, {"model": "calendar.day", "pk": 580, "fields": {"app": 1, "day": "2019-03-21", "handled_by": null}}, {"model": "calendar.day", "pk": 581, "fields": {"app": 1, "day": "2019-03-22", "handled_by": 3}}, {"model": "calendar.day", "pk": 582, "fields": {"app": 1, "day": "2019-03-25", "handled_by": 3}}, {"model": "calendar.day", "pk": 583, "fields": {"app": 1, "day": "2019-03-26", "handled_by": 17}}, {"model": "calendar.day", "pk": 584, "fields": {"app": 1, "day": "2019-03-27", "handled_by": 3}}, {"model": "calendar.day", "pk": 585, "fields": {"app": 1, "day": "2019-03-28", "handled_by": null}}, {"model": "calendar.day", "pk": 586, "fields": {"app": 1, "day": "2019-03-29", "handled_by": 3}}, {"model": "calendar.day", "pk": 587, "fields": {"app": 1, "day": "2019-04-01", "handled_by": 3}}, {"model": "calendar.day", "pk": 588, "fields": {"app": 1, "day": "2019-04-02", "handled_by": null}}, {"model": "calendar.day", "pk": 589, "fields": {"app": 1, "day": "2019-04-03", "handled_by": 3}}, {"model": "calendar.day", "pk": 590, "fields": {"app": 1, "day": "2019-04-04", "handled_by": null}}, {"model": "calendar.day", "pk": 591, "fields": {"app": 1, "day": "2019-04-05", "handled_by": 3}}, {"model": "calendar.day", "pk": 592, "fields": {"app": 1, "day": "2019-04-08", "handled_by": 3}}, {"model": "calendar.day", "pk": 593, "fields": {"app": 1, "day": "2019-04-09", "handled_by": 26}}, {"model": "calendar.day", "pk": 594, "fields": {"app": 1, "day": "2019-04-10", "handled_by": 3}}, {"model": "calendar.day", "pk": 595, "fields": {"app": 1, "day": "2019-04-11", "handled_by": 26}}, {"model": "calendar.day", "pk": 596, "fields": {"app": 1, "day": "2019-04-12", "handled_by": 3}}, {"model": "calendar.day", "pk": 597, "fields": {"app": 1, "day": "2019-04-15", "handled_by": 3}}, {"model": "calendar.day", "pk": 598, "fields": {"app": 1, "day": "2019-04-16", "handled_by": null}}, {"model": "calendar.day", "pk": 599, "fields": {"app": 1, "day": "2019-04-17", "handled_by": 3}}, {"model": "calendar.day", "pk": 600, "fields": {"app": 1, "day": "2019-04-18", "handled_by": null}}, {"model": "calendar.day", "pk": 601, "fields": {"app": 1, "day": "2019-04-19", "handled_by": 3}}, {"model": "calendar.day", "pk": 602, "fields": {"app": 1, "day": "2019-04-22", "handled_by": 3}}, {"model": "calendar.day", "pk": 603, "fields": {"app": 1, "day": "2019-04-23", "handled_by": null}}, {"model": "calendar.day", "pk": 604, "fields": {"app": 1, "day": "2019-04-24", "handled_by": 3}}, {"model": "calendar.day", "pk": 605, "fields": {"app": 1, "day": "2019-04-25", "handled_by": null}}, {"model": "calendar.day", "pk": 606, "fields": {"app": 1, "day": "2019-04-26", "handled_by": 3}}, {"model": "calendar.day", "pk": 607, "fields": {"app": 1, "day": "2019-04-29", "handled_by": 3}}, {"model": "calendar.day", "pk": 608, "fields": {"app": 1, "day": "2019-04-30", "handled_by": null}}, {"model": "calendar.day", "pk": 609, "fields": {"app": 1, "day": "2019-05-01", "handled_by": 3}}, {"model": "calendar.day", "pk": 610, "fields": {"app": 1, "day": "2019-05-02", "handled_by": null}}, {"model": "calendar.day", "pk": 611, "fields": {"app": 1, "day": "2019-05-03", "handled_by": 3}}, {"model": "calendar.day", "pk": 612, "fields": {"app": 1, "day": "2019-05-06", "handled_by": 3}}, {"model": "calendar.day", "pk": 613, "fields": {"app": 1, "day": "2019-05-07", "handled_by": null}}, {"model": "calendar.day", "pk": 614, "fields": {"app": 1, "day": "2019-05-08", "handled_by": 3}}, {"model": "calendar.day", "pk": 615, "fields": {"app": 1, "day": "2019-05-09", "handled_by": null}}, {"model": "calendar.day", "pk": 616, "fields": {"app": 1, "day": "2019-05-10", "handled_by": 3}}, {"model": "calendar.day", "pk": 617, "fields": {"app": 1, "day": "2019-05-13", "handled_by": 3}}, {"model": "calendar.day", "pk": 618, "fields": {"app": 1, "day": "2019-05-14", "handled_by": null}}, {"model": "calendar.day", "pk": 619, "fields": {"app": 1, "day": "2019-05-15", "handled_by": 3}}, {"model": "calendar.day", "pk": 620, "fields": {"app": 1, "day": "2019-05-16", "handled_by": null}}, {"model": "calendar.day", "pk": 621, "fields": {"app": 1, "day": "2019-05-17", "handled_by": 3}}, {"model": "calendar.day", "pk": 622, "fields": {"app": 1, "day": "2019-05-20", "handled_by": 3}}, {"model": "calendar.day", "pk": 623, "fields": {"app": 1, "day": "2019-05-21", "handled_by": null}}, {"model": "calendar.day", "pk": 624, "fields": {"app": 1, "day": "2019-05-22", "handled_by": 3}}, {"model": "calendar.day", "pk": 625, "fields": {"app": 1, "day": "2019-05-23", "handled_by": null}}, {"model": "calendar.day", "pk": 626, "fields": {"app": 1, "day": "2019-05-24", "handled_by": 3}}, {"model": "calendar.day", "pk": 627, "fields": {"app": 1, "day": "2019-05-27", "handled_by": 3}}, {"model": "calendar.day", "pk": 628, "fields": {"app": 1, "day": "2019-05-28", "handled_by": null}}, {"model": "calendar.day", "pk": 629, "fields": {"app": 1, "day": "2019-05-29", "handled_by": 3}}, {"model": "calendar.day", "pk": 630, "fields": {"app": 1, "day": "2019-05-30", "handled_by": null}}, {"model": "calendar.day", "pk": 631, "fields": {"app": 1, "day": "2019-05-31", "handled_by": 3}}, {"model": "calendar.day", "pk": 632, "fields": {"app": 1, "day": "2019-06-03", "handled_by": 3}}, {"model": "calendar.day", "pk": 633, "fields": {"app": 1, "day": "2019-06-04", "handled_by": null}}, {"model": "calendar.day", "pk": 634, "fields": {"app": 1, "day": "2019-06-05", "handled_by": 3}}, {"model": "calendar.day", "pk": 635, "fields": {"app": 1, "day": "2019-06-06", "handled_by": null}}, {"model": "calendar.day", "pk": 636, "fields": {"app": 1, "day": "2019-06-07", "handled_by": 3}}, {"model": "calendar.day", "pk": 637, "fields": {"app": 1, "day": "2019-06-10", "handled_by": 3}}, {"model": "calendar.day", "pk": 638, "fields": {"app": 1, "day": "2019-06-11", "handled_by": null}}, {"model": "calendar.day", "pk": 639, "fields": {"app": 1, "day": "2019-06-12", "handled_by": 3}}, {"model": "calendar.day", "pk": 640, "fields": {"app": 1, "day": "2019-06-13", "handled_by": null}}, {"model": "calendar.day", "pk": 641, "fields": {"app": 1, "day": "2019-06-14", "handled_by": 3}}, {"model": "calendar.day", "pk": 642, "fields": {"app": 1, "day": "2019-06-17", "handled_by": 3}}, {"model": "calendar.day", "pk": 643, "fields": {"app": 1, "day": "2019-06-18", "handled_by": null}}, {"model": "calendar.day", "pk": 644, "fields": {"app": 1, "day": "2019-06-19", "handled_by": 3}}, {"model": "calendar.day", "pk": 645, "fields": {"app": 1, "day": "2019-06-20", "handled_by": null}}, {"model": "calendar.day", "pk": 646, "fields": {"app": 1, "day": "2019-06-21", "handled_by": 3}}, {"model": "calendar.day", "pk": 647, "fields": {"app": 1, "day": "2019-06-24", "handled_by": 3}}, {"model": "calendar.day", "pk": 648, "fields": {"app": 1, "day": "2019-06-25", "handled_by": null}}, {"model": "calendar.day", "pk": 649, "fields": {"app": 1, "day": "2019-06-26", "handled_by": 3}}, {"model": "calendar.day", "pk": 650, "fields": {"app": 1, "day": "2019-06-27", "handled_by": null}}, {"model": "calendar.day", "pk": 651, "fields": {"app": 1, "day": "2019-06-28", "handled_by": 3}}, {"model": "calendar.day", "pk": 652, "fields": {"app": 1, "day": "2019-07-01", "handled_by": 3}}, {"model": "calendar.day", "pk": 653, "fields": {"app": 1, "day": "2019-07-02", "handled_by": null}}, {"model": "calendar.day", "pk": 654, "fields": {"app": 1, "day": "2019-07-03", "handled_by": 3}}, {"model": "calendar.day", "pk": 655, "fields": {"app": 1, "day": "2019-07-04", "handled_by": null}}, {"model": "calendar.day", "pk": 656, "fields": {"app": 1, "day": "2019-07-05", "handled_by": 3}}, {"model": "calendar.day", "pk": 657, "fields": {"app": 1, "day": "2019-07-08", "handled_by": 3}}, {"model": "calendar.day", "pk": 658, "fields": {"app": 1, "day": "2019-07-09", "handled_by": null}}, {"model": "calendar.day", "pk": 659, "fields": {"app": 1, "day": "2019-07-10", "handled_by": 3}}, {"model": "calendar.day", "pk": 660, "fields": {"app": 1, "day": "2019-07-11", "handled_by": null}}, {"model": "calendar.day", "pk": 661, "fields": {"app": 1, "day": "2019-07-12", "handled_by": 3}}, {"model": "calendar.day", "pk": 662, "fields": {"app": 1, "day": "2019-07-15", "handled_by": 3}}, {"model": "calendar.day", "pk": 663, "fields": {"app": 1, "day": "2019-07-16", "handled_by": null}}, {"model": "calendar.day", "pk": 664, "fields": {"app": 1, "day": "2019-07-17", "handled_by": 3}}, {"model": "calendar.day", "pk": 665, "fields": {"app": 1, "day": "2019-07-18", "handled_by": null}}, {"model": "calendar.day", "pk": 666, "fields": {"app": 1, "day": "2019-07-19", "handled_by": 3}}, {"model": "calendar.day", "pk": 667, "fields": {"app": 1, "day": "2019-07-22", "handled_by": 3}}, {"model": "calendar.day", "pk": 668, "fields": {"app": 1, "day": "2019-07-23", "handled_by": null}}, {"model": "calendar.day", "pk": 669, "fields": {"app": 1, "day": "2019-07-24", "handled_by": 3}}, {"model": "calendar.day", "pk": 670, "fields": {"app": 1, "day": "2019-07-25", "handled_by": null}}, {"model": "calendar.day", "pk": 671, "fields": {"app": 1, "day": "2019-07-26", "handled_by": 3}}, {"model": "calendar.day", "pk": 672, "fields": {"app": 1, "day": "2019-07-29", "handled_by": 3}}, {"model": "calendar.day", "pk": 673, "fields": {"app": 1, "day": "2019-07-30", "handled_by": null}}, {"model": "calendar.day", "pk": 674, "fields": {"app": 1, "day": "2019-07-31", "handled_by": 3}}, {"model": "calendar.day", "pk": 675, "fields": {"app": 1, "day": "2019-08-01", "handled_by": null}}, {"model": "calendar.day", "pk": 676, "fields": {"app": 1, "day": "2019-08-02", "handled_by": 3}}, {"model": "calendar.day", "pk": 677, "fields": {"app": 1, "day": "2019-08-05", "handled_by": 3}}, {"model": "calendar.day", "pk": 678, "fields": {"app": 1, "day": "2019-08-06", "handled_by": null}}, {"model": "calendar.day", "pk": 679, "fields": {"app": 1, "day": "2019-08-07", "handled_by": 3}}, {"model": "calendar.day", "pk": 680, "fields": {"app": 1, "day": "2019-08-08", "handled_by": null}}, {"model": "calendar.day", "pk": 681, "fields": {"app": 1, "day": "2019-08-09", "handled_by": 3}}, {"model": "calendar.day", "pk": 682, "fields": {"app": 1, "day": "2019-08-12", "handled_by": 3}}, {"model": "calendar.day", "pk": 683, "fields": {"app": 1, "day": "2019-08-13", "handled_by": null}}, {"model": "calendar.day", "pk": 684, "fields": {"app": 1, "day": "2019-08-14", "handled_by": 3}}, {"model": "calendar.day", "pk": 685, "fields": {"app": 1, "day": "2019-08-15", "handled_by": null}}, {"model": "calendar.day", "pk": 686, "fields": {"app": 1, "day": "2019-08-16", "handled_by": 3}}, {"model": "calendar.day", "pk": 687, "fields": {"app": 1, "day": "2019-08-19", "handled_by": 3}}, {"model": "calendar.day", "pk": 688, "fields": {"app": 1, "day": "2019-08-20", "handled_by": null}}, {"model": "calendar.day", "pk": 689, "fields": {"app": 1, "day": "2019-08-21", "handled_by": 3}}, {"model": "calendar.day", "pk": 690, "fields": {"app": 1, "day": "2019-08-22", "handled_by": null}}, {"model": "calendar.day", "pk": 691, "fields": {"app": 1, "day": "2019-08-23", "handled_by": 3}}, {"model": "calendar.day", "pk": 692, "fields": {"app": 1, "day": "2019-08-26", "handled_by": 3}}, {"model": "calendar.day", "pk": 693, "fields": {"app": 1, "day": "2019-08-27", "handled_by": null}}, {"model": "calendar.day", "pk": 694, "fields": {"app": 1, "day": "2019-08-28", "handled_by": 3}}, {"model": "calendar.day", "pk": 695, "fields": {"app": 1, "day": "2019-08-29", "handled_by": null}}, {"model": "calendar.day", "pk": 696, "fields": {"app": 1, "day": "2019-08-30", "handled_by": 3}}, {"model": "calendar.day", "pk": 697, "fields": {"app": 1, "day": "2019-09-02", "handled_by": 3}}, {"model": "calendar.day", "pk": 698, "fields": {"app": 1, "day": "2019-09-03", "handled_by": null}}, {"model": "calendar.day", "pk": 699, "fields": {"app": 1, "day": "2019-09-04", "handled_by": 3}}, {"model": "calendar.day", "pk": 700, "fields": {"app": 1, "day": "2019-09-05", "handled_by": null}}, {"model": "calendar.day", "pk": 701, "fields": {"app": 1, "day": "2019-09-06", "handled_by": 3}}, {"model": "calendar.day", "pk": 702, "fields": {"app": 1, "day": "2019-09-09", "handled_by": 3}}, {"model": "calendar.day", "pk": 703, "fields": {"app": 1, "day": "2019-09-10", "handled_by": null}}, {"model": "calendar.day", "pk": 704, "fields": {"app": 1, "day": "2019-09-11", "handled_by": 3}}, {"model": "calendar.day", "pk": 705, "fields": {"app": 1, "day": "2019-09-12", "handled_by": null}}, {"model": "calendar.day", "pk": 706, "fields": {"app": 1, "day": "2019-09-13", "handled_by": 3}}, {"model": "calendar.day", "pk": 707, "fields": {"app": 1, "day": "2019-09-16", "handled_by": 3}}, {"model": "calendar.day", "pk": 708, "fields": {"app": 1, "day": "2019-09-17", "handled_by": null}}, {"model": "calendar.day", "pk": 709, "fields": {"app": 1, "day": "2019-09-18", "handled_by": 3}}, {"model": "calendar.day", "pk": 710, "fields": {"app": 1, "day": "2019-09-19", "handled_by": null}}, {"model": "calendar.day", "pk": 711, "fields": {"app": 1, "day": "2019-09-20", "handled_by": 3}}, {"model": "calendar.day", "pk": 712, "fields": {"app": 1, "day": "2019-09-23", "handled_by": 3}}, {"model": "calendar.day", "pk": 713, "fields": {"app": 1, "day": "2019-09-24", "handled_by": null}}, {"model": "calendar.day", "pk": 714, "fields": {"app": 1, "day": "2019-09-25", "handled_by": 3}}, {"model": "calendar.day", "pk": 715, "fields": {"app": 1, "day": "2019-09-26", "handled_by": null}}, {"model": "calendar.day", "pk": 716, "fields": {"app": 1, "day": "2019-09-27", "handled_by": 3}}, {"model": "calendar.day", "pk": 717, "fields": {"app": 1, "day": "2019-09-30", "handled_by": 3}}, {"model": "calendar.day", "pk": 718, "fields": {"app": 1, "day": "2019-10-01", "handled_by": null}}, {"model": "calendar.day", "pk": 719, "fields": {"app": 1, "day": "2019-10-02", "handled_by": 3}}, {"model": "calendar.day", "pk": 720, "fields": {"app": 1, "day": "2019-10-03", "handled_by": null}}, {"model": "calendar.day", "pk": 721, "fields": {"app": 1, "day": "2019-10-04", "handled_by": 3}}, {"model": "calendar.day", "pk": 722, "fields": {"app": 1, "day": "2019-10-07", "handled_by": 3}}, {"model": "calendar.day", "pk": 723, "fields": {"app": 1, "day": "2019-10-08", "handled_by": null}}, {"model": "calendar.day", "pk": 724, "fields": {"app": 1, "day": "2019-10-09", "handled_by": 3}}, {"model": "calendar.day", "pk": 725, "fields": {"app": 1, "day": "2019-10-10", "handled_by": null}}, {"model": "calendar.day", "pk": 726, "fields": {"app": 1, "day": "2019-10-11", "handled_by": 3}}, {"model": "calendar.day", "pk": 727, "fields": {"app": 1, "day": "2019-10-14", "handled_by": 3}}, {"model": "calendar.day", "pk": 728, "fields": {"app": 1, "day": "2019-10-15", "handled_by": null}}, {"model": "calendar.day", "pk": 729, "fields": {"app": 1, "day": "2019-10-16", "handled_by": 3}}, {"model": "calendar.day", "pk": 730, "fields": {"app": 1, "day": "2019-10-17", "handled_by": null}}, {"model": "calendar.day", "pk": 731, "fields": {"app": 1, "day": "2019-10-18", "handled_by": 3}}, {"model": "calendar.day", "pk": 732, "fields": {"app": 1, "day": "2019-10-21", "handled_by": 3}}, {"model": "calendar.day", "pk": 733, "fields": {"app": 1, "day": "2019-10-22", "handled_by": null}}, {"model": "calendar.day", "pk": 734, "fields": {"app": 1, "day": "2019-10-23", "handled_by": 3}}, {"model": "calendar.day", "pk": 735, "fields": {"app": 1, "day": "2019-10-24", "handled_by": null}}, {"model": "calendar.day", "pk": 736, "fields": {"app": 1, "day": "2019-10-25", "handled_by": 3}}, {"model": "calendar.day", "pk": 737, "fields": {"app": 1, "day": "2019-10-28", "handled_by": 3}}, {"model": "calendar.day", "pk": 738, "fields": {"app": 1, "day": "2019-10-29", "handled_by": null}}, {"model": "calendar.day", "pk": 739, "fields": {"app": 1, "day": "2019-10-30", "handled_by": 3}}, {"model": "calendar.day", "pk": 740, "fields": {"app": 1, "day": "2019-10-31", "handled_by": null}}, {"model": "calendar.day", "pk": 741, "fields": {"app": 1, "day": "2019-11-01", "handled_by": 3}}, {"model": "calendar.day", "pk": 742, "fields": {"app": 1, "day": "2019-11-04", "handled_by": 3}}, {"model": "calendar.day", "pk": 743, "fields": {"app": 1, "day": "2019-11-05", "handled_by": null}}, {"model": "calendar.day", "pk": 744, "fields": {"app": 1, "day": "2019-11-06", "handled_by": 3}}, {"model": "calendar.day", "pk": 745, "fields": {"app": 1, "day": "2019-11-07", "handled_by": null}}, {"model": "calendar.day", "pk": 746, "fields": {"app": 1, "day": "2019-11-08", "handled_by": 3}}, {"model": "calendar.day", "pk": 747, "fields": {"app": 1, "day": "2019-11-11", "handled_by": 3}}, {"model": "calendar.day", "pk": 748, "fields": {"app": 1, "day": "2019-11-12", "handled_by": null}}, {"model": "calendar.day", "pk": 749, "fields": {"app": 1, "day": "2019-11-13", "handled_by": 3}}, {"model": "calendar.day", "pk": 750, "fields": {"app": 1, "day": "2019-11-14", "handled_by": null}}, {"model": "calendar.day", "pk": 751, "fields": {"app": 1, "day": "2019-11-15", "handled_by": 3}}, {"model": "calendar.day", "pk": 752, "fields": {"app": 1, "day": "2019-11-18", "handled_by": 3}}, {"model": "calendar.day", "pk": 753, "fields": {"app": 1, "day": "2019-11-19", "handled_by": null}}, {"model": "calendar.day", "pk": 754, "fields": {"app": 1, "day": "2019-11-20", "handled_by": 3}}, {"model": "calendar.day", "pk": 755, "fields": {"app": 1, "day": "2019-11-21", "handled_by": null}}, {"model": "calendar.day", "pk": 788, "fields": {"app": 2, "day": "2019-01-07", "handled_by": 8}}, {"model": "calendar.day", "pk": 789, "fields": {"app": 2, "day": "2019-01-08", "handled_by": 2}}, {"model": "calendar.day", "pk": 790, "fields": {"app": 2, "day": "2019-01-09", "handled_by": 2}}, {"model": "calendar.day", "pk": 791, "fields": {"app": 2, "day": "2019-01-10", "handled_by": 2}}, {"model": "calendar.day", "pk": 792, "fields": {"app": 2, "day": "2019-01-11", "handled_by": 5}}, {"model": "calendar.day", "pk": 793, "fields": {"app": 2, "day": "2019-01-14", "handled_by": 2}}, {"model": "calendar.day", "pk": 794, "fields": {"app": 2, "day": "2019-01-15", "handled_by": 2}}, {"model": "calendar.day", "pk": 795, "fields": {"app": 2, "day": "2019-01-16", "handled_by": 2}}, {"model": "calendar.day", "pk": 796, "fields": {"app": 2, "day": "2019-01-17", "handled_by": 17}}, {"model": "calendar.day", "pk": 797, "fields": {"app": 2, "day": "2019-01-18", "handled_by": 1}}, {"model": "calendar.day", "pk": 798, "fields": {"app": 2, "day": "2019-01-21", "handled_by": 2}}, {"model": "calendar.day", "pk": 799, "fields": {"app": 2, "day": "2019-01-22", "handled_by": 2}}, {"model": "calendar.day", "pk": 800, "fields": {"app": 2, "day": "2019-01-23", "handled_by": 2}}, {"model": "calendar.day", "pk": 801, "fields": {"app": 2, "day": "2019-01-24", "handled_by": 29}}, {"model": "calendar.day", "pk": 802, "fields": {"app": 2, "day": "2019-01-25", "handled_by": 11}}, {"model": "calendar.day", "pk": 803, "fields": {"app": 2, "day": "2019-01-28", "handled_by": 2}}, {"model": "calendar.day", "pk": 804, "fields": {"app": 2, "day": "2019-01-29", "handled_by": 2}}, {"model": "calendar.day", "pk": 805, "fields": {"app": 2, "day": "2019-01-30", "handled_by": 2}}, {"model": "calendar.day", "pk": 806, "fields": {"app": 2, "day": "2019-01-31", "handled_by": 26}}, {"model": "calendar.day", "pk": 807, "fields": {"app": 2, "day": "2019-02-01", "handled_by": null}}, {"model": "calendar.day", "pk": 808, "fields": {"app": 2, "day": "2019-02-04", "handled_by": 2}}, {"model": "calendar.day", "pk": 809, "fields": {"app": 2, "day": "2019-02-05", "handled_by": 2}}, {"model": "calendar.day", "pk": 810, "fields": {"app": 2, "day": "2019-02-06", "handled_by": 2}}, {"model": "calendar.day", "pk": 811, "fields": {"app": 2, "day": "2019-02-07", "handled_by": 6}}, {"model": "calendar.day", "pk": 812, "fields": {"app": 2, "day": "2019-02-08", "handled_by": null}}, {"model": "calendar.day", "pk": 813, "fields": {"app": 2, "day": "2019-02-11", "handled_by": 2}}, {"model": "calendar.day", "pk": 814, "fields": {"app": 2, "day": "2019-02-12", "handled_by": 2}}, {"model": "calendar.day", "pk": 815, "fields": {"app": 2, "day": "2019-02-13", "handled_by": 2}}, {"model": "calendar.day", "pk": 816, "fields": {"app": 2, "day": "2019-02-14", "handled_by": 13}}, {"model": "calendar.day", "pk": 817, "fields": {"app": 2, "day": "2019-02-15", "handled_by": null}}, {"model": "calendar.day", "pk": 818, "fields": {"app": 2, "day": "2019-02-18", "handled_by": 2}}, {"model": "calendar.day", "pk": 819, "fields": {"app": 2, "day": "2019-02-19", "handled_by": 2}}, {"model": "calendar.day", "pk": 820, "fields": {"app": 2, "day": "2019-02-20", "handled_by": 2}}, {"model": "calendar.day", "pk": 821, "fields": {"app": 2, "day": "2019-02-21", "handled_by": null}}, {"model": "calendar.day", "pk": 822, "fields": {"app": 2, "day": "2019-02-22", "handled_by": null}}, {"model": "calendar.day", "pk": 823, "fields": {"app": 2, "day": "2019-02-25", "handled_by": 2}}, {"model": "calendar.day", "pk": 824, "fields": {"app": 2, "day": "2019-02-26", "handled_by": 2}}, {"model": "calendar.day", "pk": 825, "fields": {"app": 2, "day": "2019-02-27", "handled_by": 2}}, {"model": "calendar.day", "pk": 826, "fields": {"app": 2, "day": "2019-02-28", "handled_by": 17}}, {"model": "calendar.day", "pk": 827, "fields": {"app": 2, "day": "2019-03-01", "handled_by": null}}, {"model": "calendar.day", "pk": 828, "fields": {"app": 2, "day": "2019-03-04", "handled_by": 2}}, {"model": "calendar.day", "pk": 829, "fields": {"app": 2, "day": "2019-03-05", "handled_by": 2}}, {"model": "calendar.day", "pk": 830, "fields": {"app": 2, "day": "2019-03-06", "handled_by": 2}}, {"model": "calendar.day", "pk": 831, "fields": {"app": 2, "day": "2019-03-07", "handled_by": null}}, {"model": "calendar.day", "pk": 832, "fields": {"app": 2, "day": "2019-03-08", "handled_by": null}}, {"model": "calendar.day", "pk": 833, "fields": {"app": 2, "day": "2019-03-11", "handled_by": 2}}, {"model": "calendar.day", "pk": 834, "fields": {"app": 2, "day": "2019-03-12", "handled_by": 2}}, {"model": "calendar.day", "pk": 835, "fields": {"app": 2, "day": "2019-03-13", "handled_by": 2}}, {"model": "calendar.day", "pk": 836, "fields": {"app": 2, "day": "2019-03-14", "handled_by": null}}, {"model": "calendar.day", "pk": 837, "fields": {"app": 2, "day": "2019-03-15", "handled_by": 1}}, {"model": "calendar.day", "pk": 838, "fields": {"app": 2, "day": "2019-03-18", "handled_by": 2}}, {"model": "calendar.day", "pk": 839, "fields": {"app": 2, "day": "2019-03-19", "handled_by": 2}}, {"model": "calendar.day", "pk": 840, "fields": {"app": 2, "day": "2019-03-20", "handled_by": 2}}, {"model": "calendar.day", "pk": 841, "fields": {"app": 2, "day": "2019-03-21", "handled_by": null}}, {"model": "calendar.day", "pk": 842, "fields": {"app": 2, "day": "2019-03-22", "handled_by": 5}}, {"model": "calendar.day", "pk": 843, "fields": {"app": 2, "day": "2019-03-25", "handled_by": 2}}, {"model": "calendar.day", "pk": 844, "fields": {"app": 2, "day": "2019-03-26", "handled_by": 2}}, {"model": "calendar.day", "pk": 845, "fields": {"app": 2, "day": "2019-03-27", "handled_by": 2}}, {"model": "calendar.day", "pk": 846, "fields": {"app": 2, "day": "2019-03-28", "handled_by": null}}, {"model": "calendar.day", "pk": 847, "fields": {"app": 2, "day": "2019-03-29", "handled_by": 10}}, {"model": "calendar.day", "pk": 848, "fields": {"app": 2, "day": "2019-04-01", "handled_by": 2}}, {"model": "calendar.day", "pk": 849, "fields": {"app": 2, "day": "2019-04-02", "handled_by": 2}}, {"model": "calendar.day", "pk": 850, "fields": {"app": 2, "day": "2019-04-03", "handled_by": 2}}, {"model": "calendar.day", "pk": 851, "fields": {"app": 2, "day": "2019-04-04", "handled_by": null}}, {"model": "calendar.day", "pk": 852, "fields": {"app": 2, "day": "2019-04-05", "handled_by": null}}, {"model": "calendar.day", "pk": 853, "fields": {"app": 2, "day": "2019-04-08", "handled_by": 2}}, {"model": "calendar.day", "pk": 854, "fields": {"app": 2, "day": "2019-04-09", "handled_by": 2}}, {"model": "calendar.day", "pk": 855, "fields": {"app": 2, "day": "2019-04-10", "handled_by": 2}}, {"model": "calendar.day", "pk": 856, "fields": {"app": 2, "day": "2019-04-11", "handled_by": null}}, {"model": "calendar.day", "pk": 857, "fields": {"app": 2, "day": "2019-04-12", "handled_by": null}}, {"model": "calendar.day", "pk": 858, "fields": {"app": 2, "day": "2019-04-15", "handled_by": 2}}, {"model": "calendar.day", "pk": 859, "fields": {"app": 2, "day": "2019-04-16", "handled_by": 2}}, {"model": "calendar.day", "pk": 860, "fields": {"app": 2, "day": "2019-04-17", "handled_by": 2}}, {"model": "calendar.day", "pk": 861, "fields": {"app": 2, "day": "2019-04-18", "handled_by": null}}, {"model": "calendar.day", "pk": 862, "fields": {"app": 2, "day": "2019-04-19", "handled_by": null}}, {"model": "calendar.day", "pk": 863, "fields": {"app": 2, "day": "2019-04-22", "handled_by": 2}}, {"model": "calendar.day", "pk": 864, "fields": {"app": 2, "day": "2019-04-23", "handled_by": 2}}, {"model": "calendar.day", "pk": 865, "fields": {"app": 2, "day": "2019-04-24", "handled_by": 2}}, {"model": "calendar.day", "pk": 866, "fields": {"app": 2, "day": "2019-04-25", "handled_by": 17}}, {"model": "calendar.day", "pk": 867, "fields": {"app": 2, "day": "2019-04-26", "handled_by": null}}, {"model": "calendar.day", "pk": 868, "fields": {"app": 2, "day": "2019-04-29", "handled_by": 2}}, {"model": "calendar.day", "pk": 869, "fields": {"app": 2, "day": "2019-04-30", "handled_by": 2}}, {"model": "calendar.day", "pk": 870, "fields": {"app": 2, "day": "2019-05-01", "handled_by": 2}}, {"model": "calendar.day", "pk": 871, "fields": {"app": 2, "day": "2019-05-02", "handled_by": null}}, {"model": "calendar.day", "pk": 872, "fields": {"app": 2, "day": "2019-05-03", "handled_by": null}}, {"model": "calendar.day", "pk": 873, "fields": {"app": 2, "day": "2019-05-06", "handled_by": 2}}, {"model": "calendar.day", "pk": 874, "fields": {"app": 2, "day": "2019-05-07", "handled_by": 2}}, {"model": "calendar.day", "pk": 875, "fields": {"app": 2, "day": "2019-05-08", "handled_by": 2}}, {"model": "calendar.day", "pk": 876, "fields": {"app": 2, "day": "2019-05-09", "handled_by": 6}}, {"model": "calendar.day", "pk": 877, "fields": {"app": 2, "day": "2019-05-10", "handled_by": null}}, {"model": "calendar.day", "pk": 878, "fields": {"app": 2, "day": "2019-05-13", "handled_by": 2}}, {"model": "calendar.day", "pk": 879, "fields": {"app": 2, "day": "2019-05-14", "handled_by": 2}}, {"model": "calendar.day", "pk": 880, "fields": {"app": 2, "day": "2019-05-15", "handled_by": 2}}, {"model": "calendar.day", "pk": 881, "fields": {"app": 2, "day": "2019-05-16", "handled_by": null}}, {"model": "calendar.day", "pk": 882, "fields": {"app": 2, "day": "2019-05-17", "handled_by": 1}}, {"model": "calendar.day", "pk": 883, "fields": {"app": 2, "day": "2019-05-20", "handled_by": 2}}, {"model": "calendar.day", "pk": 884, "fields": {"app": 2, "day": "2019-05-21", "handled_by": 2}}, {"model": "calendar.day", "pk": 885, "fields": {"app": 2, "day": "2019-05-22", "handled_by": 2}}, {"model": "calendar.day", "pk": 886, "fields": {"app": 2, "day": "2019-05-23", "handled_by": null}}, {"model": "calendar.day", "pk": 887, "fields": {"app": 2, "day": "2019-05-24", "handled_by": 10}}, {"model": "calendar.day", "pk": 888, "fields": {"app": 2, "day": "2019-05-27", "handled_by": 2}}, {"model": "calendar.day", "pk": 889, "fields": {"app": 2, "day": "2019-05-28", "handled_by": 2}}, {"model": "calendar.day", "pk": 890, "fields": {"app": 2, "day": "2019-05-29", "handled_by": 2}}, {"model": "calendar.day", "pk": 891, "fields": {"app": 2, "day": "2019-05-30", "handled_by": null}}, {"model": "calendar.day", "pk": 892, "fields": {"app": 2, "day": "2019-05-31", "handled_by": null}}, {"model": "calendar.day", "pk": 893, "fields": {"app": 2, "day": "2019-06-03", "handled_by": 2}}, {"model": "calendar.day", "pk": 894, "fields": {"app": 2, "day": "2019-06-04", "handled_by": 2}}, {"model": "calendar.day", "pk": 895, "fields": {"app": 2, "day": "2019-06-05", "handled_by": 2}}, {"model": "calendar.day", "pk": 896, "fields": {"app": 2, "day": "2019-06-06", "handled_by": null}}, {"model": "calendar.day", "pk": 897, "fields": {"app": 2, "day": "2019-06-07", "handled_by": null}}, {"model": "calendar.day", "pk": 898, "fields": {"app": 2, "day": "2019-06-10", "handled_by": 2}}, {"model": "calendar.day", "pk": 899, "fields": {"app": 2, "day": "2019-06-11", "handled_by": 2}}, {"model": "calendar.day", "pk": 900, "fields": {"app": 2, "day": "2019-06-12", "handled_by": 2}}, {"model": "calendar.day", "pk": 901, "fields": {"app": 2, "day": "2019-06-13", "handled_by": null}}, {"model": "calendar.day", "pk": 902, "fields": {"app": 2, "day": "2019-06-14", "handled_by": null}}, {"model": "calendar.day", "pk": 903, "fields": {"app": 2, "day": "2019-06-17", "handled_by": 2}}, {"model": "calendar.day", "pk": 904, "fields": {"app": 2, "day": "2019-06-18", "handled_by": 2}}, {"model": "calendar.day", "pk": 905, "fields": {"app": 2, "day": "2019-06-19", "handled_by": 2}}, {"model": "calendar.day", "pk": 906, "fields": {"app": 2, "day": "2019-06-20", "handled_by": 13}}, {"model": "calendar.day", "pk": 907, "fields": {"app": 2, "day": "2019-06-21", "handled_by": null}}, {"model": "calendar.day", "pk": 908, "fields": {"app": 2, "day": "2019-06-24", "handled_by": 2}}, {"model": "calendar.day", "pk": 909, "fields": {"app": 2, "day": "2019-06-25", "handled_by": 2}}, {"model": "calendar.day", "pk": 910, "fields": {"app": 2, "day": "2019-06-26", "handled_by": 2}}, {"model": "calendar.day", "pk": 911, "fields": {"app": 2, "day": "2019-06-27", "handled_by": null}}, {"model": "calendar.day", "pk": 912, "fields": {"app": 2, "day": "2019-06-28", "handled_by": null}}, {"model": "calendar.day", "pk": 913, "fields": {"app": 2, "day": "2019-07-01", "handled_by": 2}}, {"model": "calendar.day", "pk": 914, "fields": {"app": 2, "day": "2019-07-02", "handled_by": 2}}, {"model": "calendar.day", "pk": 915, "fields": {"app": 2, "day": "2019-07-03", "handled_by": 2}}, {"model": "calendar.day", "pk": 916, "fields": {"app": 2, "day": "2019-07-04", "handled_by": null}}, {"model": "calendar.day", "pk": 917, "fields": {"app": 2, "day": "2019-07-05", "handled_by": null}}, {"model": "calendar.day", "pk": 918, "fields": {"app": 2, "day": "2019-07-08", "handled_by": 2}}, {"model": "calendar.day", "pk": 919, "fields": {"app": 2, "day": "2019-07-09", "handled_by": 2}}, {"model": "calendar.day", "pk": 920, "fields": {"app": 2, "day": "2019-07-10", "handled_by": 2}}, {"model": "calendar.day", "pk": 921, "fields": {"app": 2, "day": "2019-07-11", "handled_by": null}}, {"model": "calendar.day", "pk": 922, "fields": {"app": 2, "day": "2019-07-12", "handled_by": 1}}, {"model": "calendar.day", "pk": 923, "fields": {"app": 2, "day": "2019-07-15", "handled_by": 2}}, {"model": "calendar.day", "pk": 924, "fields": {"app": 2, "day": "2019-07-16", "handled_by": 2}}, {"model": "calendar.day", "pk": 925, "fields": {"app": 2, "day": "2019-07-17", "handled_by": 2}}, {"model": "calendar.day", "pk": 926, "fields": {"app": 2, "day": "2019-07-18", "handled_by": null}}, {"model": "calendar.day", "pk": 927, "fields": {"app": 2, "day": "2019-07-19", "handled_by": null}}, {"model": "calendar.day", "pk": 928, "fields": {"app": 2, "day": "2019-07-22", "handled_by": 2}}, {"model": "calendar.day", "pk": 929, "fields": {"app": 2, "day": "2019-07-23", "handled_by": 2}}, {"model": "calendar.day", "pk": 930, "fields": {"app": 2, "day": "2019-07-24", "handled_by": 2}}, {"model": "calendar.day", "pk": 931, "fields": {"app": 2, "day": "2019-07-25", "handled_by": null}}, {"model": "calendar.day", "pk": 932, "fields": {"app": 2, "day": "2019-07-26", "handled_by": 10}}, {"model": "calendar.day", "pk": 933, "fields": {"app": 2, "day": "2019-07-29", "handled_by": 2}}, {"model": "calendar.day", "pk": 934, "fields": {"app": 2, "day": "2019-07-30", "handled_by": 2}}, {"model": "calendar.day", "pk": 935, "fields": {"app": 2, "day": "2019-07-31", "handled_by": 2}}, {"model": "calendar.day", "pk": 936, "fields": {"app": 2, "day": "2019-08-01", "handled_by": null}}, {"model": "calendar.day", "pk": 937, "fields": {"app": 2, "day": "2019-08-02", "handled_by": null}}, {"model": "calendar.day", "pk": 938, "fields": {"app": 2, "day": "2019-08-05", "handled_by": 2}}, {"model": "calendar.day", "pk": 939, "fields": {"app": 2, "day": "2019-08-06", "handled_by": 2}}, {"model": "calendar.day", "pk": 940, "fields": {"app": 2, "day": "2019-08-07", "handled_by": 2}}, {"model": "calendar.day", "pk": 941, "fields": {"app": 2, "day": "2019-08-08", "handled_by": null}}, {"model": "calendar.day", "pk": 942, "fields": {"app": 2, "day": "2019-08-09", "handled_by": null}}, {"model": "calendar.day", "pk": 943, "fields": {"app": 2, "day": "2019-08-12", "handled_by": 2}}, {"model": "calendar.day", "pk": 944, "fields": {"app": 2, "day": "2019-08-13", "handled_by": 2}}, {"model": "calendar.day", "pk": 945, "fields": {"app": 2, "day": "2019-08-14", "handled_by": 2}}, {"model": "calendar.day", "pk": 946, "fields": {"app": 2, "day": "2019-08-15", "handled_by": null}}, {"model": "calendar.day", "pk": 947, "fields": {"app": 2, "day": "2019-08-16", "handled_by": null}}, {"model": "calendar.day", "pk": 948, "fields": {"app": 2, "day": "2019-08-19", "handled_by": 2}}, {"model": "calendar.day", "pk": 949, "fields": {"app": 2, "day": "2019-08-20", "handled_by": 2}}, {"model": "calendar.day", "pk": 950, "fields": {"app": 2, "day": "2019-08-21", "handled_by": 2}}, {"model": "calendar.day", "pk": 951, "fields": {"app": 2, "day": "2019-08-22", "handled_by": null}}, {"model": "calendar.day", "pk": 952, "fields": {"app": 2, "day": "2019-08-23", "handled_by": null}}, {"model": "calendar.day", "pk": 953, "fields": {"app": 2, "day": "2019-08-26", "handled_by": 2}}, {"model": "calendar.day", "pk": 954, "fields": {"app": 2, "day": "2019-08-27", "handled_by": 2}}, {"model": "calendar.day", "pk": 955, "fields": {"app": 2, "day": "2019-08-28", "handled_by": 2}}, {"model": "calendar.day", "pk": 956, "fields": {"app": 2, "day": "2019-08-29", "handled_by": null}}, {"model": "calendar.day", "pk": 957, "fields": {"app": 2, "day": "2019-08-30", "handled_by": null}}, {"model": "calendar.day", "pk": 958, "fields": {"app": 2, "day": "2019-09-02", "handled_by": 2}}, {"model": "calendar.day", "pk": 959, "fields": {"app": 2, "day": "2019-09-03", "handled_by": 2}}, {"model": "calendar.day", "pk": 960, "fields": {"app": 2, "day": "2019-09-04", "handled_by": 2}}, {"model": "calendar.day", "pk": 961, "fields": {"app": 2, "day": "2019-09-05", "handled_by": null}}, {"model": "calendar.day", "pk": 962, "fields": {"app": 2, "day": "2019-09-06", "handled_by": null}}, {"model": "calendar.day", "pk": 963, "fields": {"app": 2, "day": "2019-09-09", "handled_by": 2}}, {"model": "calendar.day", "pk": 964, "fields": {"app": 2, "day": "2019-09-10", "handled_by": 2}}, {"model": "calendar.day", "pk": 965, "fields": {"app": 2, "day": "2019-09-11", "handled_by": 2}}, {"model": "calendar.day", "pk": 966, "fields": {"app": 2, "day": "2019-09-12", "handled_by": null}}, {"model": "calendar.day", "pk": 967, "fields": {"app": 2, "day": "2019-09-13", "handled_by": null}}, {"model": "calendar.day", "pk": 968, "fields": {"app": 2, "day": "2019-09-16", "handled_by": 2}}, {"model": "calendar.day", "pk": 969, "fields": {"app": 2, "day": "2019-09-17", "handled_by": 2}}, {"model": "calendar.day", "pk": 970, "fields": {"app": 2, "day": "2019-09-18", "handled_by": 2}}, {"model": "calendar.day", "pk": 971, "fields": {"app": 2, "day": "2019-09-19", "handled_by": null}}, {"model": "calendar.day", "pk": 972, "fields": {"app": 2, "day": "2019-09-20", "handled_by": null}}, {"model": "calendar.day", "pk": 973, "fields": {"app": 2, "day": "2019-09-23", "handled_by": 2}}, {"model": "calendar.day", "pk": 974, "fields": {"app": 2, "day": "2019-09-24", "handled_by": 2}}, {"model": "calendar.day", "pk": 975, "fields": {"app": 2, "day": "2019-09-25", "handled_by": 2}}, {"model": "calendar.day", "pk": 976, "fields": {"app": 2, "day": "2019-09-26", "handled_by": null}}, {"model": "calendar.day", "pk": 977, "fields": {"app": 2, "day": "2019-09-27", "handled_by": 10}}, {"model": "calendar.day", "pk": 978, "fields": {"app": 2, "day": "2019-09-30", "handled_by": 2}}, {"model": "calendar.day", "pk": 979, "fields": {"app": 2, "day": "2019-10-01", "handled_by": 2}}, {"model": "calendar.day", "pk": 980, "fields": {"app": 2, "day": "2019-10-02", "handled_by": 2}}, {"model": "calendar.day", "pk": 981, "fields": {"app": 2, "day": "2019-10-03", "handled_by": null}}, {"model": "calendar.day", "pk": 982, "fields": {"app": 2, "day": "2019-10-04", "handled_by": null}}, {"model": "calendar.day", "pk": 983, "fields": {"app": 2, "day": "2019-10-07", "handled_by": 2}}, {"model": "calendar.day", "pk": 984, "fields": {"app": 2, "day": "2019-10-08", "handled_by": 2}}, {"model": "calendar.day", "pk": 985, "fields": {"app": 2, "day": "2019-10-09", "handled_by": 2}}, {"model": "calendar.day", "pk": 986, "fields": {"app": 2, "day": "2019-10-10", "handled_by": null}}, {"model": "calendar.day", "pk": 987, "fields": {"app": 2, "day": "2019-10-11", "handled_by": null}}, {"model": "calendar.day", "pk": 988, "fields": {"app": 2, "day": "2019-10-14", "handled_by": 2}}, {"model": "calendar.day", "pk": 989, "fields": {"app": 2, "day": "2019-10-15", "handled_by": 2}}, {"model": "calendar.day", "pk": 990, "fields": {"app": 2, "day": "2019-10-16", "handled_by": 2}}, {"model": "calendar.day", "pk": 991, "fields": {"app": 2, "day": "2019-10-17", "handled_by": null}}, {"model": "calendar.day", "pk": 992, "fields": {"app": 2, "day": "2019-10-18", "handled_by": null}}, {"model": "calendar.day", "pk": 993, "fields": {"app": 2, "day": "2019-10-21", "handled_by": 2}}, {"model": "calendar.day", "pk": 994, "fields": {"app": 2, "day": "2019-10-22", "handled_by": 2}}, {"model": "calendar.day", "pk": 995, "fields": {"app": 2, "day": "2019-10-23", "handled_by": 2}}, {"model": "calendar.day", "pk": 996, "fields": {"app": 2, "day": "2019-10-24", "handled_by": null}}, {"model": "calendar.day", "pk": 997, "fields": {"app": 2, "day": "2019-10-25", "handled_by": null}}, {"model": "calendar.day", "pk": 998, "fields": {"app": 2, "day": "2019-10-28", "handled_by": 2}}, {"model": "calendar.day", "pk": 999, "fields": {"app": 2, "day": "2019-10-29", "handled_by": 2}}, {"model": "calendar.day", "pk": 1000, "fields": {"app": 2, "day": "2019-10-30", "handled_by": 2}}, {"model": "calendar.day", "pk": 1001, "fields": {"app": 2, "day": "2019-10-31", "handled_by": null}}, {"model": "calendar.day", "pk": 1002, "fields": {"app": 2, "day": "2019-11-01", "handled_by": null}}, {"model": "calendar.day", "pk": 1003, "fields": {"app": 2, "day": "2019-11-04", "handled_by": 2}}, {"model": "calendar.day", "pk": 1004, "fields": {"app": 2, "day": "2019-11-05", "handled_by": 2}}, {"model": "calendar.day", "pk": 1005, "fields": {"app": 2, "day": "2019-11-06", "handled_by": 2}}, {"model": "calendar.day", "pk": 1006, "fields": {"app": 2, "day": "2019-11-07", "handled_by": null}}, {"model": "calendar.day", "pk": 1007, "fields": {"app": 2, "day": "2019-11-08", "handled_by": null}}, {"model": "calendar.day", "pk": 1008, "fields": {"app": 2, "day": "2019-11-11", "handled_by": 2}}, {"model": "calendar.day", "pk": 1009, "fields": {"app": 2, "day": "2019-11-12", "handled_by": 2}}, {"model": "calendar.day", "pk": 1010, "fields": {"app": 2, "day": "2019-11-13", "handled_by": 2}}, {"model": "calendar.day", "pk": 1011, "fields": {"app": 2, "day": "2019-11-14", "handled_by": 13}}, {"model": "calendar.day", "pk": 1012, "fields": {"app": 2, "day": "2019-11-15", "handled_by": null}}, {"model": "calendar.day", "pk": 1013, "fields": {"app": 2, "day": "2019-11-18", "handled_by": 2}}, {"model": "calendar.day", "pk": 1014, "fields": {"app": 2, "day": "2019-11-19", "handled_by": 2}}, {"model": "calendar.day", "pk": 1015, "fields": {"app": 2, "day": "2019-11-20", "handled_by": 2}}, {"model": "calendar.day", "pk": 1016, "fields": {"app": 2, "day": "2019-11-21", "handled_by": null}}, {"model": "calendar.day", "pk": 1017, "fields": {"app": 2, "day": "2019-11-22", "handled_by": null}}, {"model": "calendar.day", "pk": 1263, "fields": {"app": 3, "day": "2018-11-01", "handled_by": null}}, {"model": "calendar.day", "pk": 1264, "fields": {"app": 3, "day": "2018-11-02", "handled_by": null}}, {"model": "calendar.day", "pk": 1265, "fields": {"app": 3, "day": "2018-11-05", "handled_by": null}}, {"model": "calendar.day", "pk": 1266, "fields": {"app": 3, "day": "2018-11-06", "handled_by": null}}, {"model": "calendar.day", "pk": 1267, "fields": {"app": 3, "day": "2018-11-07", "handled_by": null}}, {"model": "calendar.day", "pk": 1268, "fields": {"app": 3, "day": "2018-11-08", "handled_by": null}}, {"model": "calendar.day", "pk": 1269, "fields": {"app": 3, "day": "2018-11-09", "handled_by": null}}, {"model": "calendar.day", "pk": 1270, "fields": {"app": 3, "day": "2018-11-12", "handled_by": null}}, {"model": "calendar.day", "pk": 1271, "fields": {"app": 3, "day": "2018-11-13", "handled_by": null}}, {"model": "calendar.day", "pk": 1272, "fields": {"app": 3, "day": "2018-11-14", "handled_by": null}}, {"model": "calendar.day", "pk": 1273, "fields": {"app": 3, "day": "2018-11-15", "handled_by": null}}, {"model": "calendar.day", "pk": 1274, "fields": {"app": 3, "day": "2018-11-16", "handled_by": null}}, {"model": "calendar.day", "pk": 1275, "fields": {"app": 3, "day": "2018-11-19", "handled_by": null}}, {"model": "calendar.day", "pk": 1276, "fields": {"app": 3, "day": "2018-11-20", "handled_by": null}}, {"model": "calendar.day", "pk": 1277, "fields": {"app": 3, "day": "2018-11-21", "handled_by": null}}, {"model": "calendar.day", "pk": 1278, "fields": {"app": 3, "day": "2018-11-22", "handled_by": null}}, {"model": "calendar.day", "pk": 1279, "fields": {"app": 3, "day": "2018-11-23", "handled_by": null}}, {"model": "calendar.day", "pk": 1280, "fields": {"app": 3, "day": "2018-11-26", "handled_by": 17}}, {"model": "calendar.day", "pk": 1281, "fields": {"app": 3, "day": "2018-11-27", "handled_by": 17}}, {"model": "calendar.day", "pk": 1282, "fields": {"app": 3, "day": "2018-11-28", "handled_by": 17}}, {"model": "calendar.day", "pk": 1283, "fields": {"app": 3, "day": "2018-11-29", "handled_by": 17}}, {"model": "calendar.day", "pk": 1284, "fields": {"app": 3, "day": "2018-11-30", "handled_by": 17}}, {"model": "calendar.day", "pk": 1285, "fields": {"app": 3, "day": "2018-12-03", "handled_by": 6}}, {"model": "calendar.day", "pk": 1286, "fields": {"app": 3, "day": "2018-12-04", "handled_by": 6}}, {"model": "calendar.day", "pk": 1287, "fields": {"app": 3, "day": "2018-12-05", "handled_by": 6}}, {"model": "calendar.day", "pk": 1288, "fields": {"app": 3, "day": "2018-12-06", "handled_by": 6}}, {"model": "calendar.day", "pk": 1289, "fields": {"app": 3, "day": "2018-12-07", "handled_by": 16}}, {"model": "calendar.day", "pk": 1290, "fields": {"app": 3, "day": "2018-12-10", "handled_by": 18}}, {"model": "calendar.day", "pk": 1291, "fields": {"app": 3, "day": "2018-12-11", "handled_by": 18}}, {"model": "calendar.day", "pk": 1292, "fields": {"app": 3, "day": "2018-12-12", "handled_by": 18}}, {"model": "calendar.day", "pk": 1293, "fields": {"app": 3, "day": "2018-12-13", "handled_by": 18}}, {"model": "calendar.day", "pk": 1294, "fields": {"app": 3, "day": "2018-12-14", "handled_by": 18}}, {"model": "calendar.day", "pk": 1295, "fields": {"app": 3, "day": "2018-12-17", "handled_by": 26}}, {"model": "calendar.day", "pk": 1296, "fields": {"app": 3, "day": "2018-12-18", "handled_by": 26}}, {"model": "calendar.day", "pk": 1297, "fields": {"app": 3, "day": "2018-12-19", "handled_by": null}}, {"model": "calendar.day", "pk": 1298, "fields": {"app": 3, "day": "2018-12-20", "handled_by": null}}, {"model": "calendar.day", "pk": 1299, "fields": {"app": 3, "day": "2018-12-21", "handled_by": null}}, {"model": "calendar.day", "pk": 1310, "fields": {"app": 3, "day": "2019-01-07", "handled_by": null}}, {"model": "calendar.day", "pk": 1311, "fields": {"app": 3, "day": "2019-01-08", "handled_by": null}}, {"model": "calendar.day", "pk": 1312, "fields": {"app": 3, "day": "2019-01-09", "handled_by": null}}, {"model": "calendar.day", "pk": 1313, "fields": {"app": 3, "day": "2019-01-10", "handled_by": null}}, {"model": "calendar.day", "pk": 1314, "fields": {"app": 3, "day": "2019-01-11", "handled_by": null}}, {"model": "calendar.day", "pk": 1315, "fields": {"app": 3, "day": "2019-01-14", "handled_by": 26}}, {"model": "calendar.day", "pk": 1316, "fields": {"app": 3, "day": "2019-01-15", "handled_by": 26}}, {"model": "calendar.day", "pk": 1317, "fields": {"app": 3, "day": "2019-01-16", "handled_by": null}}, {"model": "calendar.day", "pk": 1318, "fields": {"app": 3, "day": "2019-01-17", "handled_by": 26}}, {"model": "calendar.day", "pk": 1319, "fields": {"app": 3, "day": "2019-01-18", "handled_by": null}}, {"model": "calendar.day", "pk": 1320, "fields": {"app": 3, "day": "2019-01-21", "handled_by": 15}}, {"model": "calendar.day", "pk": 1321, "fields": {"app": 3, "day": "2019-01-22", "handled_by": 15}}, {"model": "calendar.day", "pk": 1322, "fields": {"app": 3, "day": "2019-01-23", "handled_by": 15}}, {"model": "calendar.day", "pk": 1323, "fields": {"app": 3, "day": "2019-01-24", "handled_by": 15}}, {"model": "calendar.day", "pk": 1324, "fields": {"app": 3, "day": "2019-01-25", "handled_by": 15}}, {"model": "calendar.day", "pk": 1325, "fields": {"app": 3, "day": "2019-01-28", "handled_by": 6}}, {"model": "calendar.day", "pk": 1326, "fields": {"app": 3, "day": "2019-01-29", "handled_by": 6}}, {"model": "calendar.day", "pk": 1327, "fields": {"app": 3, "day": "2019-01-30", "handled_by": 6}}, {"model": "calendar.day", "pk": 1328, "fields": {"app": 3, "day": "2019-01-31", "handled_by": 6}}, {"model": "calendar.day", "pk": 1329, "fields": {"app": 3, "day": "2019-02-01", "handled_by": 6}}, {"model": "calendar.day", "pk": 1330, "fields": {"app": 3, "day": "2019-02-04", "handled_by": 5}}, {"model": "calendar.day", "pk": 1331, "fields": {"app": 3, "day": "2019-02-05", "handled_by": 5}}, {"model": "calendar.day", "pk": 1332, "fields": {"app": 3, "day": "2019-02-06", "handled_by": 5}}, {"model": "calendar.day", "pk": 1333, "fields": {"app": 3, "day": "2019-02-07", "handled_by": 5}}, {"model": "calendar.day", "pk": 1334, "fields": {"app": 3, "day": "2019-02-08", "handled_by": 5}}, {"model": "calendar.day", "pk": 1335, "fields": {"app": 3, "day": "2019-02-11", "handled_by": null}}, {"model": "calendar.day", "pk": 1336, "fields": {"app": 3, "day": "2019-02-12", "handled_by": null}}, {"model": "calendar.day", "pk": 1337, "fields": {"app": 3, "day": "2019-02-13", "handled_by": null}}, {"model": "calendar.day", "pk": 1338, "fields": {"app": 3, "day": "2019-02-14", "handled_by": null}}, {"model": "calendar.day", "pk": 1339, "fields": {"app": 3, "day": "2019-02-15", "handled_by": null}}, {"model": "calendar.day", "pk": 1340, "fields": {"app": 3, "day": "2019-02-18", "handled_by": null}}, {"model": "calendar.day", "pk": 1341, "fields": {"app": 3, "day": "2019-02-19", "handled_by": null}}, {"model": "calendar.day", "pk": 1342, "fields": {"app": 3, "day": "2019-02-20", "handled_by": null}}, {"model": "calendar.day", "pk": 1343, "fields": {"app": 3, "day": "2019-02-21", "handled_by": null}}, {"model": "calendar.day", "pk": 1344, "fields": {"app": 3, "day": "2019-02-22", "handled_by": null}}, {"model": "calendar.day", "pk": 1345, "fields": {"app": 3, "day": "2019-02-25", "handled_by": null}}, {"model": "calendar.day", "pk": 1346, "fields": {"app": 3, "day": "2019-02-26", "handled_by": null}}, {"model": "calendar.day", "pk": 1347, "fields": {"app": 3, "day": "2019-02-27", "handled_by": null}}, {"model": "calendar.day", "pk": 1348, "fields": {"app": 3, "day": "2019-02-28", "handled_by": null}}, {"model": "calendar.day", "pk": 1349, "fields": {"app": 3, "day": "2019-03-01", "handled_by": null}}, {"model": "calendar.day", "pk": 1350, "fields": {"app": 3, "day": "2019-03-04", "handled_by": null}}, {"model": "calendar.day", "pk": 1351, "fields": {"app": 3, "day": "2019-03-05", "handled_by": null}}, {"model": "calendar.day", "pk": 1352, "fields": {"app": 3, "day": "2019-03-06", "handled_by": null}}, {"model": "calendar.day", "pk": 1353, "fields": {"app": 3, "day": "2019-03-07", "handled_by": null}}, {"model": "calendar.day", "pk": 1354, "fields": {"app": 3, "day": "2019-03-08", "handled_by": null}}, {"model": "calendar.day", "pk": 1355, "fields": {"app": 3, "day": "2019-03-11", "handled_by": null}}, {"model": "calendar.day", "pk": 1356, "fields": {"app": 3, "day": "2019-03-12", "handled_by": null}}, {"model": "calendar.day", "pk": 1357, "fields": {"app": 3, "day": "2019-03-13", "handled_by": null}}, {"model": "calendar.day", "pk": 1358, "fields": {"app": 3, "day": "2019-03-14", "handled_by": null}}, {"model": "calendar.day", "pk": 1359, "fields": {"app": 3, "day": "2019-03-15", "handled_by": null}}, {"model": "calendar.day", "pk": 1360, "fields": {"app": 3, "day": "2019-03-18", "handled_by": null}}, {"model": "calendar.day", "pk": 1361, "fields": {"app": 3, "day": "2019-03-19", "handled_by": null}}, {"model": "calendar.day", "pk": 1362, "fields": {"app": 3, "day": "2019-03-20", "handled_by": null}}, {"model": "calendar.day", "pk": 1363, "fields": {"app": 3, "day": "2019-03-21", "handled_by": null}}, {"model": "calendar.day", "pk": 1364, "fields": {"app": 3, "day": "2019-03-22", "handled_by": null}}, {"model": "calendar.day", "pk": 1365, "fields": {"app": 3, "day": "2019-03-25", "handled_by": null}}, {"model": "calendar.day", "pk": 1366, "fields": {"app": 3, "day": "2019-03-26", "handled_by": null}}, {"model": "calendar.day", "pk": 1367, "fields": {"app": 3, "day": "2019-03-27", "handled_by": null}}, {"model": "calendar.day", "pk": 1368, "fields": {"app": 3, "day": "2019-03-28", "handled_by": null}}, {"model": "calendar.day", "pk": 1369, "fields": {"app": 3, "day": "2019-03-29", "handled_by": null}}, {"model": "calendar.day", "pk": 1370, "fields": {"app": 3, "day": "2019-04-01", "handled_by": 17}}, {"model": "calendar.day", "pk": 1371, "fields": {"app": 3, "day": "2019-04-02", "handled_by": 17}}, {"model": "calendar.day", "pk": 1372, "fields": {"app": 3, "day": "2019-04-03", "handled_by": 17}}, {"model": "calendar.day", "pk": 1373, "fields": {"app": 3, "day": "2019-04-04", "handled_by": 17}}, {"model": "calendar.day", "pk": 1374, "fields": {"app": 3, "day": "2019-04-05", "handled_by": null}}, {"model": "calendar.day", "pk": 1375, "fields": {"app": 3, "day": "2019-04-08", "handled_by": 26}}, {"model": "calendar.day", "pk": 1376, "fields": {"app": 3, "day": "2019-04-09", "handled_by": 26}}, {"model": "calendar.day", "pk": 1377, "fields": {"app": 3, "day": "2019-04-10", "handled_by": null}}, {"model": "calendar.day", "pk": 1378, "fields": {"app": 3, "day": "2019-04-11", "handled_by": 26}}, {"model": "calendar.day", "pk": 1379, "fields": {"app": 3, "day": "2019-04-12", "handled_by": null}}, {"model": "calendar.day", "pk": 1380, "fields": {"app": 3, "day": "2019-04-15", "handled_by": null}}, {"model": "calendar.day", "pk": 1381, "fields": {"app": 3, "day": "2019-04-16", "handled_by": null}}, {"model": "calendar.day", "pk": 1382, "fields": {"app": 3, "day": "2019-04-17", "handled_by": null}}, {"model": "calendar.day", "pk": 1383, "fields": {"app": 3, "day": "2019-04-18", "handled_by": null}}, {"model": "calendar.day", "pk": 1384, "fields": {"app": 3, "day": "2019-04-19", "handled_by": null}}, {"model": "calendar.day", "pk": 1385, "fields": {"app": 3, "day": "2019-04-22", "handled_by": null}}, {"model": "calendar.day", "pk": 1386, "fields": {"app": 3, "day": "2019-04-23", "handled_by": null}}, {"model": "calendar.day", "pk": 1387, "fields": {"app": 3, "day": "2019-04-24", "handled_by": null}}, {"model": "calendar.day", "pk": 1388, "fields": {"app": 3, "day": "2019-04-25", "handled_by": null}}, {"model": "calendar.day", "pk": 1389, "fields": {"app": 3, "day": "2019-04-26", "handled_by": null}}, {"model": "calendar.day", "pk": 1390, "fields": {"app": 3, "day": "2019-04-29", "handled_by": null}}, {"model": "calendar.day", "pk": 1391, "fields": {"app": 3, "day": "2019-04-30", "handled_by": null}}, {"model": "calendar.day", "pk": 1392, "fields": {"app": 3, "day": "2019-05-01", "handled_by": null}}, {"model": "calendar.day", "pk": 1393, "fields": {"app": 3, "day": "2019-05-02", "handled_by": null}}, {"model": "calendar.day", "pk": 1394, "fields": {"app": 3, "day": "2019-05-03", "handled_by": null}}, {"model": "calendar.day", "pk": 1395, "fields": {"app": 3, "day": "2019-05-06", "handled_by": null}}, {"model": "calendar.day", "pk": 1396, "fields": {"app": 3, "day": "2019-05-07", "handled_by": null}}, {"model": "calendar.day", "pk": 1397, "fields": {"app": 3, "day": "2019-05-08", "handled_by": null}}, {"model": "calendar.day", "pk": 1398, "fields": {"app": 3, "day": "2019-05-09", "handled_by": null}}, {"model": "calendar.day", "pk": 1399, "fields": {"app": 3, "day": "2019-05-10", "handled_by": null}}, {"model": "calendar.day", "pk": 1400, "fields": {"app": 3, "day": "2019-05-13", "handled_by": null}}, {"model": "calendar.day", "pk": 1401, "fields": {"app": 3, "day": "2019-05-14", "handled_by": null}}, {"model": "calendar.day", "pk": 1402, "fields": {"app": 3, "day": "2019-05-15", "handled_by": null}}, {"model": "calendar.day", "pk": 1403, "fields": {"app": 3, "day": "2019-05-16", "handled_by": null}}, {"model": "calendar.day", "pk": 1404, "fields": {"app": 3, "day": "2019-05-17", "handled_by": null}}, {"model": "calendar.day", "pk": 1405, "fields": {"app": 3, "day": "2019-05-20", "handled_by": null}}, {"model": "calendar.day", "pk": 1406, "fields": {"app": 3, "day": "2019-05-21", "handled_by": null}}, {"model": "calendar.day", "pk": 1407, "fields": {"app": 3, "day": "2019-05-22", "handled_by": null}}, {"model": "calendar.day", "pk": 1408, "fields": {"app": 3, "day": "2019-05-23", "handled_by": null}}, {"model": "calendar.day", "pk": 1409, "fields": {"app": 3, "day": "2019-05-24", "handled_by": null}}, {"model": "calendar.day", "pk": 1410, "fields": {"app": 3, "day": "2019-05-27", "handled_by": null}}, {"model": "calendar.day", "pk": 1411, "fields": {"app": 3, "day": "2019-05-28", "handled_by": null}}, {"model": "calendar.day", "pk": 1412, "fields": {"app": 3, "day": "2019-05-29", "handled_by": null}}, {"model": "calendar.day", "pk": 1413, "fields": {"app": 3, "day": "2019-05-30", "handled_by": null}}, {"model": "calendar.day", "pk": 1414, "fields": {"app": 3, "day": "2019-05-31", "handled_by": null}}, {"model": "calendar.day", "pk": 1415, "fields": {"app": 3, "day": "2019-06-03", "handled_by": null}}, {"model": "calendar.day", "pk": 1416, "fields": {"app": 3, "day": "2019-06-04", "handled_by": null}}, {"model": "calendar.day", "pk": 1417, "fields": {"app": 3, "day": "2019-06-05", "handled_by": null}}, {"model": "calendar.day", "pk": 1418, "fields": {"app": 3, "day": "2019-06-06", "handled_by": null}}, {"model": "calendar.day", "pk": 1419, "fields": {"app": 3, "day": "2019-06-07", "handled_by": null}}, {"model": "calendar.day", "pk": 1420, "fields": {"app": 3, "day": "2019-06-10", "handled_by": null}}, {"model": "calendar.day", "pk": 1421, "fields": {"app": 3, "day": "2019-06-11", "handled_by": null}}, {"model": "calendar.day", "pk": 1422, "fields": {"app": 3, "day": "2019-06-12", "handled_by": null}}, {"model": "calendar.day", "pk": 1423, "fields": {"app": 3, "day": "2019-06-13", "handled_by": null}}, {"model": "calendar.day", "pk": 1424, "fields": {"app": 3, "day": "2019-06-14", "handled_by": null}}, {"model": "calendar.day", "pk": 1425, "fields": {"app": 3, "day": "2019-06-17", "handled_by": null}}, {"model": "calendar.day", "pk": 1426, "fields": {"app": 3, "day": "2019-06-18", "handled_by": null}}, {"model": "calendar.day", "pk": 1427, "fields": {"app": 3, "day": "2019-06-19", "handled_by": null}}, {"model": "calendar.day", "pk": 1428, "fields": {"app": 3, "day": "2019-06-20", "handled_by": null}}, {"model": "calendar.day", "pk": 1429, "fields": {"app": 3, "day": "2019-06-21", "handled_by": null}}, {"model": "calendar.day", "pk": 1430, "fields": {"app": 3, "day": "2019-06-24", "handled_by": null}}, {"model": "calendar.day", "pk": 1431, "fields": {"app": 3, "day": "2019-06-25", "handled_by": null}}, {"model": "calendar.day", "pk": 1432, "fields": {"app": 3, "day": "2019-06-26", "handled_by": null}}, {"model": "calendar.day", "pk": 1433, "fields": {"app": 3, "day": "2019-06-27", "handled_by": null}}, {"model": "calendar.day", "pk": 1434, "fields": {"app": 3, "day": "2019-06-28", "handled_by": null}}, {"model": "calendar.day", "pk": 1435, "fields": {"app": 3, "day": "2019-07-01", "handled_by": null}}, {"model": "calendar.day", "pk": 1436, "fields": {"app": 3, "day": "2019-07-02", "handled_by": null}}, {"model": "calendar.day", "pk": 1437, "fields": {"app": 3, "day": "2019-07-03", "handled_by": null}}, {"model": "calendar.day", "pk": 1438, "fields": {"app": 3, "day": "2019-07-04", "handled_by": null}}, {"model": "calendar.day", "pk": 1439, "fields": {"app": 3, "day": "2019-07-05", "handled_by": null}}, {"model": "calendar.day", "pk": 1440, "fields": {"app": 3, "day": "2019-07-08", "handled_by": null}}, {"model": "calendar.day", "pk": 1441, "fields": {"app": 3, "day": "2019-07-09", "handled_by": null}}, {"model": "calendar.day", "pk": 1442, "fields": {"app": 3, "day": "2019-07-10", "handled_by": null}}, {"model": "calendar.day", "pk": 1443, "fields": {"app": 3, "day": "2019-07-11", "handled_by": null}}, {"model": "calendar.day", "pk": 1444, "fields": {"app": 3, "day": "2019-07-12", "handled_by": null}}, {"model": "calendar.day", "pk": 1445, "fields": {"app": 3, "day": "2019-07-15", "handled_by": null}}, {"model": "calendar.day", "pk": 1446, "fields": {"app": 3, "day": "2019-07-16", "handled_by": null}}, {"model": "calendar.day", "pk": 1447, "fields": {"app": 3, "day": "2019-07-17", "handled_by": null}}, {"model": "calendar.day", "pk": 1448, "fields": {"app": 3, "day": "2019-07-18", "handled_by": null}}, {"model": "calendar.day", "pk": 1449, "fields": {"app": 3, "day": "2019-07-19", "handled_by": null}}, {"model": "calendar.day", "pk": 1450, "fields": {"app": 3, "day": "2019-07-22", "handled_by": null}}, {"model": "calendar.day", "pk": 1451, "fields": {"app": 3, "day": "2019-07-23", "handled_by": null}}, {"model": "calendar.day", "pk": 1452, "fields": {"app": 3, "day": "2019-07-24", "handled_by": null}}, {"model": "calendar.day", "pk": 1453, "fields": {"app": 3, "day": "2019-07-25", "handled_by": null}}, {"model": "calendar.day", "pk": 1454, "fields": {"app": 3, "day": "2019-07-26", "handled_by": null}}, {"model": "calendar.day", "pk": 1455, "fields": {"app": 3, "day": "2019-07-29", "handled_by": null}}, {"model": "calendar.day", "pk": 1456, "fields": {"app": 3, "day": "2019-07-30", "handled_by": null}}, {"model": "calendar.day", "pk": 1457, "fields": {"app": 3, "day": "2019-07-31", "handled_by": null}}, {"model": "calendar.day", "pk": 1458, "fields": {"app": 3, "day": "2019-08-01", "handled_by": null}}, {"model": "calendar.day", "pk": 1459, "fields": {"app": 3, "day": "2019-08-02", "handled_by": null}}, {"model": "calendar.day", "pk": 1460, "fields": {"app": 3, "day": "2019-08-05", "handled_by": null}}, {"model": "calendar.day", "pk": 1461, "fields": {"app": 3, "day": "2019-08-06", "handled_by": null}}, {"model": "calendar.day", "pk": 1462, "fields": {"app": 3, "day": "2019-08-07", "handled_by": null}}, {"model": "calendar.day", "pk": 1463, "fields": {"app": 3, "day": "2019-08-08", "handled_by": null}}, {"model": "calendar.day", "pk": 1464, "fields": {"app": 3, "day": "2019-08-09", "handled_by": null}}, {"model": "calendar.day", "pk": 1465, "fields": {"app": 3, "day": "2019-08-12", "handled_by": null}}, {"model": "calendar.day", "pk": 1466, "fields": {"app": 3, "day": "2019-08-13", "handled_by": null}}, {"model": "calendar.day", "pk": 1467, "fields": {"app": 3, "day": "2019-08-14", "handled_by": null}}, {"model": "calendar.day", "pk": 1468, "fields": {"app": 3, "day": "2019-08-15", "handled_by": null}}, {"model": "calendar.day", "pk": 1469, "fields": {"app": 3, "day": "2019-08-16", "handled_by": null}}, {"model": "calendar.day", "pk": 1470, "fields": {"app": 3, "day": "2019-08-19", "handled_by": null}}, {"model": "calendar.day", "pk": 1471, "fields": {"app": 3, "day": "2019-08-20", "handled_by": null}}, {"model": "calendar.day", "pk": 1472, "fields": {"app": 3, "day": "2019-08-21", "handled_by": null}}, {"model": "calendar.day", "pk": 1473, "fields": {"app": 3, "day": "2019-08-22", "handled_by": null}}, {"model": "calendar.day", "pk": 1474, "fields": {"app": 3, "day": "2019-08-23", "handled_by": null}}, {"model": "calendar.day", "pk": 1475, "fields": {"app": 3, "day": "2019-08-26", "handled_by": null}}, {"model": "calendar.day", "pk": 1476, "fields": {"app": 3, "day": "2019-08-27", "handled_by": null}}, {"model": "calendar.day", "pk": 1477, "fields": {"app": 3, "day": "2019-08-28", "handled_by": null}}, {"model": "calendar.day", "pk": 1478, "fields": {"app": 3, "day": "2019-08-29", "handled_by": null}}, {"model": "calendar.day", "pk": 1479, "fields": {"app": 3, "day": "2019-08-30", "handled_by": null}}, {"model": "calendar.day", "pk": 1480, "fields": {"app": 3, "day": "2019-09-02", "handled_by": null}}, {"model": "calendar.day", "pk": 1481, "fields": {"app": 3, "day": "2019-09-03", "handled_by": null}}, {"model": "calendar.day", "pk": 1482, "fields": {"app": 3, "day": "2019-09-04", "handled_by": null}}, {"model": "calendar.day", "pk": 1483, "fields": {"app": 3, "day": "2019-09-05", "handled_by": null}}, {"model": "calendar.day", "pk": 1484, "fields": {"app": 3, "day": "2019-09-06", "handled_by": null}}, {"model": "calendar.day", "pk": 1485, "fields": {"app": 3, "day": "2019-09-09", "handled_by": null}}, {"model": "calendar.day", "pk": 1486, "fields": {"app": 3, "day": "2019-09-10", "handled_by": null}}, {"model": "calendar.day", "pk": 1487, "fields": {"app": 3, "day": "2019-09-11", "handled_by": null}}, {"model": "calendar.day", "pk": 1488, "fields": {"app": 3, "day": "2019-09-12", "handled_by": null}}, {"model": "calendar.day", "pk": 1489, "fields": {"app": 3, "day": "2019-09-13", "handled_by": null}}, {"model": "calendar.day", "pk": 1490, "fields": {"app": 3, "day": "2019-09-16", "handled_by": null}}, {"model": "calendar.day", "pk": 1491, "fields": {"app": 3, "day": "2019-09-17", "handled_by": null}}, {"model": "calendar.day", "pk": 1492, "fields": {"app": 3, "day": "2019-09-18", "handled_by": null}}, {"model": "calendar.day", "pk": 1493, "fields": {"app": 3, "day": "2019-09-19", "handled_by": null}}, {"model": "calendar.day", "pk": 1494, "fields": {"app": 3, "day": "2019-09-20", "handled_by": null}}, {"model": "calendar.day", "pk": 1495, "fields": {"app": 3, "day": "2019-09-23", "handled_by": null}}, {"model": "calendar.day", "pk": 1496, "fields": {"app": 3, "day": "2019-09-24", "handled_by": null}}, {"model": "calendar.day", "pk": 1497, "fields": {"app": 3, "day": "2019-09-25", "handled_by": null}}, {"model": "calendar.day", "pk": 1498, "fields": {"app": 3, "day": "2019-09-26", "handled_by": null}}, {"model": "calendar.day", "pk": 1499, "fields": {"app": 3, "day": "2019-09-27", "handled_by": null}}, {"model": "calendar.day", "pk": 1500, "fields": {"app": 3, "day": "2019-09-30", "handled_by": null}}, {"model": "calendar.day", "pk": 1501, "fields": {"app": 3, "day": "2019-10-01", "handled_by": null}}, {"model": "calendar.day", "pk": 1502, "fields": {"app": 3, "day": "2019-10-02", "handled_by": null}}, {"model": "calendar.day", "pk": 1503, "fields": {"app": 3, "day": "2019-10-03", "handled_by": null}}, {"model": "calendar.day", "pk": 1504, "fields": {"app": 3, "day": "2019-10-04", "handled_by": null}}, {"model": "calendar.day", "pk": 1505, "fields": {"app": 3, "day": "2019-10-07", "handled_by": null}}, {"model": "calendar.day", "pk": 1506, "fields": {"app": 3, "day": "2019-10-08", "handled_by": null}}, {"model": "calendar.day", "pk": 1507, "fields": {"app": 3, "day": "2019-10-09", "handled_by": null}}, {"model": "calendar.day", "pk": 1508, "fields": {"app": 3, "day": "2019-10-10", "handled_by": null}}, {"model": "calendar.day", "pk": 1509, "fields": {"app": 3, "day": "2019-10-11", "handled_by": null}}, {"model": "calendar.day", "pk": 1510, "fields": {"app": 3, "day": "2019-10-14", "handled_by": null}}, {"model": "calendar.day", "pk": 1511, "fields": {"app": 3, "day": "2019-10-15", "handled_by": null}}, {"model": "calendar.day", "pk": 1512, "fields": {"app": 3, "day": "2019-10-16", "handled_by": null}}, {"model": "calendar.day", "pk": 1513, "fields": {"app": 3, "day": "2019-10-17", "handled_by": null}}, {"model": "calendar.day", "pk": 1514, "fields": {"app": 3, "day": "2019-10-18", "handled_by": null}}, {"model": "calendar.day", "pk": 1515, "fields": {"app": 3, "day": "2019-10-21", "handled_by": null}}, {"model": "calendar.day", "pk": 1516, "fields": {"app": 3, "day": "2019-10-22", "handled_by": null}}, {"model": "calendar.day", "pk": 1517, "fields": {"app": 3, "day": "2019-10-23", "handled_by": null}}, {"model": "calendar.day", "pk": 1518, "fields": {"app": 3, "day": "2019-10-24", "handled_by": null}}, {"model": "calendar.day", "pk": 1519, "fields": {"app": 3, "day": "2019-10-25", "handled_by": null}}, {"model": "calendar.day", "pk": 1520, "fields": {"app": 3, "day": "2019-10-28", "handled_by": null}}, {"model": "calendar.day", "pk": 1521, "fields": {"app": 3, "day": "2019-10-29", "handled_by": null}}, {"model": "calendar.day", "pk": 1522, "fields": {"app": 3, "day": "2019-10-30", "handled_by": null}}, {"model": "calendar.day", "pk": 1523, "fields": {"app": 3, "day": "2019-10-31", "handled_by": null}}, {"model": "calendar.day", "pk": 1524, "fields": {"app": 3, "day": "2019-11-01", "handled_by": null}}, {"model": "calendar.day", "pk": 1525, "fields": {"app": 3, "day": "2019-11-04", "handled_by": null}}, {"model": "calendar.day", "pk": 1526, "fields": {"app": 3, "day": "2019-11-05", "handled_by": null}}, {"model": "calendar.day", "pk": 1527, "fields": {"app": 3, "day": "2019-11-06", "handled_by": null}}, {"model": "calendar.day", "pk": 1528, "fields": {"app": 3, "day": "2019-11-07", "handled_by": null}}, {"model": "calendar.day", "pk": 1529, "fields": {"app": 3, "day": "2019-11-08", "handled_by": null}}, {"model": "calendar.day", "pk": 1530, "fields": {"app": 3, "day": "2019-11-11", "handled_by": null}}, {"model": "calendar.day", "pk": 1531, "fields": {"app": 3, "day": "2019-11-12", "handled_by": null}}, {"model": "calendar.day", "pk": 1532, "fields": {"app": 3, "day": "2019-11-13", "handled_by": null}}, {"model": "calendar.day", "pk": 1533, "fields": {"app": 3, "day": "2019-11-14", "handled_by": null}}, {"model": "calendar.day", "pk": 1534, "fields": {"app": 3, "day": "2019-11-15", "handled_by": null}}, {"model": "calendar.day", "pk": 1535, "fields": {"app": 3, "day": "2019-11-18", "handled_by": null}}, {"model": "calendar.day", "pk": 1536, "fields": {"app": 3, "day": "2019-11-19", "handled_by": null}}, {"model": "calendar.day", "pk": 1537, "fields": {"app": 3, "day": "2019-11-20", "handled_by": null}}, {"model": "calendar.day", "pk": 1538, "fields": {"app": 3, "day": "2019-11-21", "handled_by": null}}, {"model": "calendar.day", "pk": 1539, "fields": {"app": 3, "day": "2019-11-22", "handled_by": null}}, {"model": "calendar.day", "pk": 2248, "fields": {"app": 2, "day": "2019-11-25", "handled_by": 2}}, {"model": "calendar.day", "pk": 2249, "fields": {"app": 2, "day": "2019-11-26", "handled_by": 2}}, {"model": "calendar.day", "pk": 2250, "fields": {"app": 2, "day": "2019-11-27", "handled_by": 2}}, {"model": "calendar.day", "pk": 2251, "fields": {"app": 2, "day": "2019-11-28", "handled_by": null}}, {"model": "calendar.day", "pk": 2252, "fields": {"app": 2, "day": "2019-11-29", "handled_by": null}}, {"model": "calendar.day", "pk": 2253, "fields": {"app": 2, "day": "2019-12-02", "handled_by": 2}}, {"model": "calendar.day", "pk": 2254, "fields": {"app": 2, "day": "2019-12-03", "handled_by": 2}}, {"model": "calendar.day", "pk": 2255, "fields": {"app": 2, "day": "2019-12-04", "handled_by": 2}}, {"model": "calendar.day", "pk": 2256, "fields": {"app": 2, "day": "2019-12-05", "handled_by": null}}, {"model": "calendar.day", "pk": 2257, "fields": {"app": 2, "day": "2019-12-06", "handled_by": null}}, {"model": "calendar.day", "pk": 2258, "fields": {"app": 2, "day": "2019-12-09", "handled_by": 2}}, {"model": "calendar.day", "pk": 2259, "fields": {"app": 2, "day": "2019-12-10", "handled_by": 2}}, {"model": "calendar.day", "pk": 2260, "fields": {"app": 2, "day": "2019-12-11", "handled_by": 2}}, {"model": "calendar.day", "pk": 2261, "fields": {"app": 2, "day": "2019-12-12", "handled_by": null}}, {"model": "calendar.day", "pk": 2262, "fields": {"app": 2, "day": "2019-12-13", "handled_by": null}}, {"model": "calendar.day", "pk": 2263, "fields": {"app": 2, "day": "2019-12-16", "handled_by": 2}}, {"model": "calendar.day", "pk": 2264, "fields": {"app": 2, "day": "2019-12-17", "handled_by": 2}}, {"model": "calendar.day", "pk": 2265, "fields": {"app": 2, "day": "2019-12-18", "handled_by": 2}}, {"model": "calendar.day", "pk": 2266, "fields": {"app": 2, "day": "2019-12-19", "handled_by": null}}, {"model": "calendar.day", "pk": 2267, "fields": {"app": 2, "day": "2019-12-20", "handled_by": null}}, {"model": "calendar.day", "pk": 2268, "fields": {"app": 1, "day": "2019-11-22", "handled_by": 3}}, {"model": "calendar.day", "pk": 2269, "fields": {"app": 1, "day": "2019-11-25", "handled_by": 3}}, {"model": "calendar.day", "pk": 2270, "fields": {"app": 1, "day": "2019-11-26", "handled_by": null}}, {"model": "calendar.day", "pk": 2271, "fields": {"app": 1, "day": "2019-11-27", "handled_by": 3}}, {"model": "calendar.day", "pk": 2272, "fields": {"app": 1, "day": "2019-11-28", "handled_by": null}}, {"model": "calendar.day", "pk": 2273, "fields": {"app": 1, "day": "2019-11-29", "handled_by": 3}}, {"model": "calendar.day", "pk": 2274, "fields": {"app": 1, "day": "2019-12-02", "handled_by": 3}}, {"model": "calendar.day", "pk": 2275, "fields": {"app": 1, "day": "2019-12-03", "handled_by": null}}, {"model": "calendar.day", "pk": 2276, "fields": {"app": 1, "day": "2019-12-04", "handled_by": 3}}, {"model": "calendar.day", "pk": 2277, "fields": {"app": 1, "day": "2019-12-05", "handled_by": null}}, {"model": "calendar.day", "pk": 2278, "fields": {"app": 1, "day": "2019-12-06", "handled_by": 3}}, {"model": "calendar.day", "pk": 2279, "fields": {"app": 1, "day": "2019-12-09", "handled_by": 3}}, {"model": "calendar.day", "pk": 2280, "fields": {"app": 1, "day": "2019-12-10", "handled_by": null}}, {"model": "calendar.day", "pk": 2281, "fields": {"app": 1, "day": "2019-12-11", "handled_by": 3}}, {"model": "calendar.day", "pk": 2282, "fields": {"app": 1, "day": "2019-12-12", "handled_by": null}}, {"model": "calendar.day", "pk": 2283, "fields": {"app": 1, "day": "2019-12-13", "handled_by": 3}}, {"model": "calendar.day", "pk": 2284, "fields": {"app": 1, "day": "2019-12-16", "handled_by": 3}}, {"model": "calendar.day", "pk": 2285, "fields": {"app": 1, "day": "2019-12-17", "handled_by": null}}, {"model": "calendar.day", "pk": 2286, "fields": {"app": 1, "day": "2019-12-18", "handled_by": 3}}, {"model": "calendar.day", "pk": 2287, "fields": {"app": 1, "day": "2019-12-19", "handled_by": null}}, {"model": "calendar.day", "pk": 2288, "fields": {"app": 1, "day": "2019-12-20", "handled_by": 3}}, {"model": "calendar.day", "pk": 2289, "fields": {"app": 3, "day": "2019-11-25", "handled_by": null}}, {"model": "calendar.day", "pk": 2290, "fields": {"app": 3, "day": "2019-11-26", "handled_by": null}}, {"model": "calendar.day", "pk": 2291, "fields": {"app": 3, "day": "2019-11-27", "handled_by": null}}, {"model": "calendar.day", "pk": 2292, "fields": {"app": 3, "day": "2019-11-28", "handled_by": null}}, {"model": "calendar.day", "pk": 2293, "fields": {"app": 3, "day": "2019-11-29", "handled_by": null}}, {"model": "calendar.day", "pk": 2294, "fields": {"app": 3, "day": "2019-12-02", "handled_by": null}}, {"model": "calendar.day", "pk": 2295, "fields": {"app": 3, "day": "2019-12-03", "handled_by": null}}, {"model": "calendar.day", "pk": 2296, "fields": {"app": 3, "day": "2019-12-04", "handled_by": null}}, {"model": "calendar.day", "pk": 2297, "fields": {"app": 3, "day": "2019-12-05", "handled_by": null}}, {"model": "calendar.day", "pk": 2298, "fields": {"app": 3, "day": "2019-12-06", "handled_by": null}}, {"model": "calendar.day", "pk": 2299, "fields": {"app": 3, "day": "2019-12-09", "handled_by": null}}, {"model": "calendar.day", "pk": 2300, "fields": {"app": 3, "day": "2019-12-10", "handled_by": null}}, {"model": "calendar.day", "pk": 2301, "fields": {"app": 3, "day": "2019-12-11", "handled_by": null}}, {"model": "calendar.day", "pk": 2302, "fields": {"app": 3, "day": "2019-12-12", "handled_by": null}}, {"model": "calendar.day", "pk": 2303, "fields": {"app": 3, "day": "2019-12-13", "handled_by": null}}, {"model": "calendar.day", "pk": 2304, "fields": {"app": 3, "day": "2019-12-16", "handled_by": null}}, {"model": "calendar.day", "pk": 2305, "fields": {"app": 3, "day": "2019-12-17", "handled_by": null}}, {"model": "calendar.day", "pk": 2306, "fields": {"app": 3, "day": "2019-12-18", "handled_by": null}}, {"model": "calendar.day", "pk": 2307, "fields": {"app": 3, "day": "2019-12-19", "handled_by": null}}, {"model": "calendar.day", "pk": 2308, "fields": {"app": 3, "day": "2019-12-20", "handled_by": null}}, {"model": "calendar.app", "pk": 1, "fields": {"title": "Telefon", "slug": "telefon", "ordering": 20, "users": [1, 3, 21, 17, 6, 16, 29, 15, 18, 5, 22, 19, 20, 13, 26]}}, {"model": "calendar.app", "pk": 2, "fields": {"title": "Kochen", "slug": "kochen", "ordering": 10, "users": [2, 1, 3, 21, 25, 17, 10, 8, 31, 9, 11, 6, 12, 16, 29, 15, 14, 18, 28, 5, 32, 22, 19, 30, 27, 24, 20, 23, 13, 26]}}, {"model": "calendar.app", "pk": 3, "fields": {"title": "Mailbox", "slug": "mailbox", "ordering": 30, "users": [1, 3, 21, 17, 6, 16, 29, 15, 18, 5, 22, 19, 20, 13, 26]}}]